direction	spBLEU	chrF++	len_ratio
twi_Latn-kon_Latn	12.77	39.05	0.993
kin_Latn-jpn_Jpan	12.74	19.96	0.964
tam_Taml-kor_Hang	20.23	28.08	0.982
arb_Arab-kor_Hang	21.26	29.82	0.974
cjk_Latn-hin_Deva	9.10	21.51	0.843
yor_Latn-kor_Hang	12.92	19.93	0.958
ita_Latn-tir_Ethi	13.86	22.45	1.032
luo_Latn-lin_Latn	12.50	37.07	0.909
yor_Latn-por_Latn	21.78	40.47	0.939
yue_Hant-swh_Latn	20.61	44.56	0.912
tsn_Latn-swh_Latn	20.42	43.25	0.940
arb_Arab-por_Latn	36.25	56.22	1.002
ewe_Latn-isl_Latn	14.19	31.25	0.953
kin_Latn-bel_Cyrl	18.84	34.14	0.888
rus_Cyrl-zho_Hans	21.12	18.57	0.819
lin_Latn-ayr_Latn	6.18	28.70	1.066
tam_Taml-por_Latn	31.44	51.46	0.979
pes_Arab-ast_Latn	23.76	47.31	1.017
cjk_Latn-eng_Latn	9.32	30.67	1.343
tso_Latn-kik_Latn	11.57	32.89	0.880
tso_Latn-snd_Arab	17.97	33.12	0.988
bul_Cyrl-sin_Sinh	28.09	36.82	0.866
kea_Latn-ace_Latn	9.69	33.98	0.947
afr_Latn-eus_Latn	26.40	48.03	0.976
wol_Latn-ita_Latn	15.21	34.90	0.938
kik_Latn-cjk_Latn	2.56	20.31	0.931
ayr_Latn-tel_Telu	11.85	23.89	0.890
oci_Latn-yor_Latn	13.19	28.43	1.167
hau_Latn-eng_Latn	33.53	55.69	1.111
swh_Latn-ace_Latn	9.09	33.38	0.888
luo_Latn-yue_Hant	7.72	11.15	0.747
hau_Latn-hin_Deva	23.11	40.40	0.918
ayr_Latn-mal_Mlym	11.52	24.16	0.917
por_Latn-ace_Latn	9.67	34.49	0.913
fuv_Latn-ayr_Latn	4.14	25.21	1.200
eng_Latn-kor_Hang	25.71	35.48	1.005
vie_Latn-wol_Latn	7.01	26.92	1.198
zho_Hans-tat_Cyrl	23.25	41.87	1.026
vie_Latn-bul_Cyrl	34.29	52.21	1.005
kik_Latn-lvs_Latn	11.60	28.80	0.998
wol_Latn-mar_Deva	12.34	27.77	0.927
eng_Latn-por_Latn	54.16	69.21	0.983
kon_Latn-kin_Latn	11.36	33.04	0.977
jpn_Jpan-isl_Latn	21.95	39.58	0.995
tsn_Latn-fin_Latn	19.38	40.13	0.976
yue_Hant-fin_Latn	21.61	42.67	0.958
run_Latn-mar_Deva	15.23	31.83	0.912
jpn_Jpan-lvs_Latn	20.51	41.50	0.936
hau_Latn-afr_Latn	23.96	46.18	0.990
twi_Latn-yue_Hant	8.77	11.44	0.800
kik_Latn-isl_Latn	13.15	28.01	0.944
tel_Telu-fuv_Latn	3.95	21.61	1.108
rus_Cyrl-oci_Latn	26.75	47.34	0.958
lvs_Latn-ayr_Latn	6.05	29.34	1.078
hin_Deva-vie_Latn	35.12	53.14	0.979
zho_Hans-twi_Latn	9.82	31.78	1.035
tsn_Latn-jpn_Jpan	6.68	18.49	1.170
yue_Hant-jpn_Jpan	13.94	20.01	0.910
fin_Latn-snd_Arab	19.90	37.10	1.043
fin_Latn-kik_Latn	10.56	31.91	0.955
tir_Ethi-mal_Mlym	22.73	37.30	0.931
eng_Latn-kea_Latn	21.53	42.03	0.890
ewe_Latn-cjk_Latn	2.60	21.24	0.897
hin_Deva-tso_Latn	19.37	45.19	1.058
kon_Latn-pes_Arab	15.16	30.76	0.911
tir_Ethi-tel_Telu	22.05	37.93	0.925
kin_Latn-swh_Latn	23.61	46.73	0.947
yue_Hant-bel_Cyrl	19.69	35.22	0.879
tsn_Latn-bel_Cyrl	17.62	32.88	0.878
eus_Latn-tel_Telu	26.31	41.40	0.937
twi_Latn-lin_Latn	14.83	40.95	1.021
yor_Latn-kea_Latn	9.14	27.17	0.847
tam_Taml-kea_Latn	12.64	33.34	0.905
run_Latn-ita_Latn	20.43	40.52	0.922
jpn_Jpan-cjk_Latn	2.22	20.57	0.880
afr_Latn-hau_Latn	24.93	48.23	0.998
tat_Cyrl-fra_Latn	28.92	47.78	1.013
arb_Arab-kea_Latn	16.06	37.73	0.916
luo_Latn-kon_Latn	11.93	36.92	0.895
ita_Latn-cym_Latn	36.23	53.79	1.029
eus_Latn-mal_Mlym	26.61	41.20	0.965
cjk_Latn-afr_Latn	8.92	28.08	0.971
kin_Latn-fin_Latn	20.75	41.68	0.987
vie_Latn-ewe_Latn	14.14	35.82	1.015
pes_Arab-rus_Cyrl	31.28	48.37	0.988
zho_Hans-urd_Arab	19.97	38.66	1.002
fra_Latn-sin_Sinh	28.92	37.64	0.858
ewe_Latn-lvs_Latn	12.48	31.57	0.919
isl_Latn-ayr_Latn	6.09	28.61	1.105
fon_Latn-fuv_Latn	2.45	17.67	1.098
pes_Arab-nso_Latn	19.93	45.21	1.029
fon_Latn-run_Latn	8.24	27.72	0.949
lvs_Latn-fin_Latn	27.04	47.89	0.993
por_Latn-mal_Mlym	31.18	46.02	0.975
mal_Mlym-luo_Latn	11.37	35.15	0.990
por_Latn-tel_Telu	32.58	48.06	0.959
eng_Latn-hau_Latn	31.62	53.70	0.985
rus_Cyrl-nso_Latn	18.24	43.73	1.031
isl_Latn-swh_Latn	21.72	45.11	0.946
ewe_Latn-eng_Latn	18.17	40.09	1.115
swh_Latn-tel_Telu	27.14	42.32	0.918
fuv_Latn-jpn_Jpan	6.89	11.17	1.081
cjk_Latn-isl_Latn	8.65	24.59	1.050
ace_Latn-bul_Cyrl	25.16	42.92	0.964
ace_Latn-wol_Latn	5.73	24.01	1.185
ayr_Latn-ace_Latn	4.78	23.88	0.950
oci_Latn-lin_Latn	18.81	46.38	1.073
fra_Latn-mar_Deva	22.83	40.81	0.961
ewe_Latn-hin_Deva	14.86	30.57	0.834
swh_Latn-mal_Mlym	26.47	41.15	0.945
fuv_Latn-bel_Cyrl	9.19	23.69	0.938
kea_Latn-tel_Telu	29.92	45.24	0.965
kin_Latn-ayr_Latn	6.36	28.90	1.078
jpn_Jpan-eng_Latn	31.34	54.92	1.041
lin_Latn-bel_Cyrl	17.53	32.78	0.875
urd_Arab-cym_Latn	34.98	52.33	0.986
zho_Hans-arb_Arab	27.03	42.81	1.004
run_Latn-sin_Sinh	19.54	29.18	0.811
jpn_Jpan-hin_Deva	22.39	40.36	0.920
kea_Latn-mal_Mlym	29.67	43.52	0.963
zho_Hans-tsn_Latn	17.67	41.47	0.991
snd_Arab-cym_Latn	37.63	54.16	0.999
lin_Latn-jpn_Jpan	11.24	18.05	0.994
luo_Latn-yor_Latn	5.57	18.40	0.981
lvs_Latn-swh_Latn	24.11	47.84	0.969
tat_Cyrl-kin_Latn	16.09	39.51	0.979
mar_Deva-cym_Latn	35.59	52.81	0.978
tam_Taml-hau_Latn	19.81	44.68	1.039
ast_Latn-luo_Latn	13.61	36.59	0.949
afr_Latn-kea_Latn	19.08	40.04	0.898
tel_Telu-run_Latn	14.97	37.80	1.048
kik_Latn-afr_Latn	16.94	37.86	1.001
hau_Latn-isl_Latn	22.44	40.16	1.021
arb_Arab-hau_Latn	22.43	47.42	1.038
fra_Latn-ita_Latn	34.81	54.49	0.959
isl_Latn-fin_Latn	24.96	45.53	0.982
oci_Latn-yue_Hant	15.02	16.36	0.922
pes_Arab-oci_Latn	26.94	47.11	0.945
yor_Latn-hau_Latn	16.29	38.92	1.003
yor_Latn-eus_Latn	13.82	34.84	1.020
snd_Arab-tir_Ethi	13.89	22.81	1.040
jpn_Jpan-afr_Latn	22.31	45.72	0.950
lin_Latn-fin_Latn	18.62	39.55	0.945
arb_Arab-eus_Latn	22.68	45.04	0.999
tam_Taml-eus_Latn	20.08	42.37	0.999
hau_Latn-lvs_Latn	20.02	40.22	0.992
fuv_Latn-swh_Latn	10.62	31.70	0.970
urd_Arab-tir_Ethi	13.44	22.11	1.011
kik_Latn-hin_Deva	16.59	31.83	0.899
isl_Latn-jpn_Jpan	12.74	19.93	1.000
ace_Latn-ewe_Latn	11.58	31.71	0.985
afr_Latn-por_Latn	45.12	62.29	0.989
wol_Latn-sin_Sinh	17.13	26.21	0.896
tat_Cyrl-pes_Arab	24.52	41.15	0.944
twi_Latn-yor_Latn	6.46	21.44	1.158
eus_Latn-ace_Latn	7.98	31.67	0.911
bul_Cyrl-ita_Latn	31.02	52.09	0.946
kik_Latn-eng_Latn	20.57	45.39	1.309
isl_Latn-bel_Cyrl	21.24	36.57	0.897
afr_Latn-kor_Hang	23.82	32.28	0.995
mar_Deva-tir_Ethi	14.69	23.03	1.002
fon_Latn-tam_Taml	11.04	27.95	0.909
sin_Sinh-kik_Latn	9.46	30.71	1.010
sin_Sinh-snd_Arab	20.75	37.16	1.023
tir_Ethi-ace_Latn	5.19	25.63	1.044
hau_Latn-cjk_Latn	3.29	22.92	0.958
tel_Telu-tam_Taml	31.24	48.80	0.956
lvs_Latn-bel_Cyrl	24.82	40.13	0.918
kon_Latn-fra_Latn	20.71	38.65	0.965
lvs_Latn-jpn_Jpan	14.62	21.62	0.965
cjk_Latn-lvs_Latn	6.70	24.51	1.069
tsn_Latn-ayr_Latn	5.03	27.58	1.164
yue_Hant-ayr_Latn	6.18	28.58	1.038
ewe_Latn-afr_Latn	14.40	35.49	0.913
lin_Latn-swh_Latn	19.93	42.96	0.908
eng_Latn-eus_Latn	30.09	51.59	0.956
oci_Latn-kon_Latn	18.89	46.05	1.052
pes_Arab-zho_Hans	21.68	19.47	0.830
rus_Cyrl-ast_Latn	23.56	47.71	1.037
fuv_Latn-fin_Latn	8.31	27.93	1.009
bul_Cyrl-mar_Deva	22.04	39.97	0.959
hin_Deva-fon_Latn	5.02	19.39	1.062
mar_Deva-ayr_Latn	6.51	30.29	1.122
wol_Latn-twi_Latn	8.98	28.97	0.990
eus_Latn-por_Latn	32.07	51.68	0.981
kin_Latn-cym_Latn	31.17	48.00	0.976
cjk_Latn-yue_Hant	4.82	7.64	0.799
urd_Arab-ayr_Latn	6.24	29.89	1.087
run_Latn-tat_Cyrl	17.75	35.65	0.973
ewe_Latn-yor_Latn	5.60	19.56	1.061
ita_Latn-fin_Latn	26.82	48.33	1.035
bel_Cyrl-pes_Arab	18.30	37.21	1.046
kea_Latn-eus_Latn	24.47	46.21	0.978
nso_Latn-pes_Arab	23.63	40.04	0.957
hau_Latn-lin_Latn	17.01	42.85	1.003
tel_Telu-wol_Latn	6.09	25.90	1.215
tel_Telu-bul_Cyrl	35.37	53.15	0.974
afr_Latn-ace_Latn	10.02	34.95	0.913
eus_Latn-kor_Hang	19.75	27.03	0.921
snd_Arab-ayr_Latn	6.02	30.04	1.161
sin_Sinh-luo_Latn	10.42	33.68	0.998
ita_Latn-swh_Latn	24.96	48.72	0.999
fon_Latn-wol_Latn	4.78	21.29	1.093
rus_Cyrl-fon_Latn	4.72	19.09	1.084
fon_Latn-bul_Cyrl	12.65	29.28	0.940
jpn_Jpan-yor_Latn	10.91	23.75	1.067
cym_Latn-fra_Latn	41.92	61.60	1.095
hin_Deva-ast_Latn	24.46	47.40	1.003
tir_Ethi-kor_Hang	15.33	22.91	0.952
tir_Ethi-por_Latn	23.97	44.27	0.945
swh_Latn-eus_Latn	21.37	43.66	0.944
wol_Latn-urd_Arab	12.63	29.28	0.979
yue_Hant-tir_Ethi	11.92	20.29	1.017
tsn_Latn-tir_Ethi	10.60	18.12	0.932
cjk_Latn-lin_Latn	7.62	30.74	0.993
por_Latn-eus_Latn	26.75	48.25	0.964
bul_Cyrl-tsn_Latn	20.44	44.60	0.981
ace_Latn-run_Latn	13.72	34.28	0.991
luo_Latn-eng_Latn	20.06	43.25	1.183
bul_Cyrl-arb_Arab	31.51	46.74	0.926
oci_Latn-isl_Latn	28.85	48.31	1.112
ayr_Latn-kea_Latn	5.51	20.46	0.753
hau_Latn-yue_Hant	11.03	13.77	0.859
luo_Latn-hin_Deva	14.91	29.29	0.785
twi_Latn-afr_Latn	18.54	40.21	0.966
eng_Latn-mal_Mlym	38.58	52.11	0.983
tir_Ethi-kea_Latn	9.19	27.88	0.840
tsn_Latn-cym_Latn	28.80	45.57	0.986
yue_Hant-cym_Latn	29.23	47.05	0.981
oci_Latn-lvs_Latn	29.96	50.66	0.990
zho_Hans-ita_Latn	25.32	46.66	0.978
ast_Latn-snd_Arab	22.19	38.67	0.988
ast_Latn-kik_Latn	11.13	31.68	0.929
eng_Latn-tel_Telu	41.04	55.50	0.977
por_Latn-hau_Latn	23.90	47.42	0.994
ayr_Latn-por_Latn	13.39	29.72	0.919
run_Latn-urd_Arab	16.53	34.11	0.935
cjk_Latn-kon_Latn	7.71	31.22	0.937
luo_Latn-afr_Latn	15.91	37.36	0.942
twi_Latn-hin_Deva	19.17	34.95	0.905
fra_Latn-tsn_Latn	20.66	44.15	0.989
hin_Deva-nso_Latn	19.97	45.08	1.016
swh_Latn-hau_Latn	21.22	44.43	0.982
hin_Deva-rus_Cyrl	30.65	48.21	0.967
kik_Latn-yor_Latn	6.38	20.24	1.104
tel_Telu-ewe_Latn	13.39	34.82	0.997
fra_Latn-arb_Arab	34.44	49.04	0.959
twi_Latn-eng_Latn	24.01	46.57	1.169
ayr_Latn-kor_Hang	8.59	13.84	0.974
oci_Latn-cjk_Latn	3.36	24.18	1.064
zho_Hans-mar_Deva	18.79	36.46	0.976
fon_Latn-ewe_Latn	8.00	26.99	0.950
vie_Latn-fuv_Latn	3.99	21.68	1.128
kea_Latn-hau_Latn	22.84	45.92	1.003
pes_Arab-vie_Latn	35.01	53.45	0.993
wol_Latn-tat_Cyrl	13.94	30.13	0.984
ace_Latn-tam_Taml	20.88	38.25	0.984
run_Latn-twi_Latn	10.93	33.00	0.990
arb_Arab-mal_Mlym	29.30	44.66	0.989
tam_Taml-mal_Mlym	30.06	44.71	0.962
yor_Latn-mal_Mlym	18.71	33.32	0.920
ita_Latn-bel_Cyrl	24.35	39.66	0.935
yor_Latn-tel_Telu	18.24	33.66	0.908
mal_Mlym-snd_Arab	23.01	39.17	1.019
mal_Mlym-kik_Latn	9.78	30.62	0.958
hau_Latn-kon_Latn	15.14	41.38	0.979
ita_Latn-jpn_Jpan	15.83	23.69	0.992
eus_Latn-kea_Latn	16.04	37.41	0.918
bel_Cyrl-kin_Latn	14.14	39.28	1.061
arb_Arab-tel_Telu	30.27	46.11	0.963
nso_Latn-kin_Latn	17.36	41.43	1.051
kin_Latn-tir_Ethi	12.34	20.49	0.973
pes_Arab-tso_Latn	18.70	44.56	1.054
kor_Hang-fra_Latn	33.11	51.81	1.000
tam_Taml-tel_Telu	31.31	46.60	0.964
fuv_Latn-cym_Latn	12.90	30.00	1.072
kik_Latn-kon_Latn	10.65	33.40	0.934
run_Latn-arb_Arab	21.83	37.27	0.923
cjk_Latn-yor_Latn	2.82	15.19	1.131
zho_Hans-sin_Sinh	27.41	35.92	0.942
fra_Latn-urd_Arab	24.60	42.88	0.968
swh_Latn-kea_Latn	12.67	32.10	0.854
rus_Cyrl-tso_Latn	17.73	43.92	1.071
ewe_Latn-yue_Hant	7.08	9.79	0.752
run_Latn-tsn_Latn	17.79	40.91	0.954
por_Latn-kea_Latn	21.77	43.29	0.909
rus_Cyrl-vie_Latn	33.77	52.74	1.008
lvs_Latn-tir_Ethi	13.03	21.39	1.010
vie_Latn-run_Latn	16.32	38.71	1.041
hin_Deva-oci_Latn	27.09	47.22	0.935
cym_Latn-pes_Arab	30.59	47.16	0.979
twi_Latn-cjk_Latn	3.05	22.24	0.970
ayr_Latn-eus_Latn	9.18	27.80	0.940
jpn_Jpan-lin_Latn	14.82	42.26	1.031
tir_Ethi-hau_Latn	16.17	39.56	0.995
mar_Deva-jpn_Jpan	15.86	23.04	0.948
hau_Latn-yor_Latn	8.16	22.91	1.130
afr_Latn-tel_Telu	34.13	49.18	0.967
oci_Latn-eng_Latn	38.91	69.15	1.506
eus_Latn-hau_Latn	20.23	44.10	0.993
bel_Cyrl-fra_Latn	27.08	49.06	1.069
bul_Cyrl-tat_Cyrl	28.33	45.85	0.993
nso_Latn-fra_Latn	33.12	50.61	1.008
fra_Latn-twi_Latn	12.45	35.15	1.012
luo_Latn-isl_Latn	15.75	32.61	0.963
kor_Hang-kin_Latn	17.16	41.16	1.029
fin_Latn-luo_Latn	11.14	34.93	1.004
mar_Deva-bel_Cyrl	21.66	37.12	0.884
isl_Latn-tir_Ethi	12.61	20.71	0.986
oci_Latn-hin_Deva	32.60	50.60	0.994
afr_Latn-mal_Mlym	33.64	47.75	0.982
ewe_Latn-lin_Latn	12.66	38.09	0.952
snd_Arab-bel_Cyrl	21.55	36.95	0.902
urd_Arab-jpn_Jpan	15.17	21.21	0.959
jpn_Jpan-yue_Hant	13.16	13.77	0.802
urd_Arab-bel_Cyrl	21.38	36.93	0.898
lin_Latn-cym_Latn	26.25	43.40	0.943
twi_Latn-lvs_Latn	15.67	34.93	0.976
snd_Arab-jpn_Jpan	15.16	21.86	0.980
kik_Latn-yue_Hant	8.90	10.41	0.851
yor_Latn-ace_Latn	6.50	27.77	0.951
isl_Latn-cym_Latn	33.35	50.39	0.984
twi_Latn-isl_Latn	17.15	34.08	0.992
ace_Latn-fuv_Latn	3.66	20.20	1.105
arb_Arab-ace_Latn	7.89	32.73	0.935
tam_Taml-ace_Latn	7.15	31.23	0.929
oci_Latn-afr_Latn	37.33	59.26	1.018
vie_Latn-tam_Taml	27.93	46.44	0.976
fra_Latn-tat_Cyrl	27.47	44.85	0.995
mar_Deva-fin_Latn	24.55	45.75	1.004
bul_Cyrl-twi_Latn	11.54	34.62	1.010
ewe_Latn-kon_Latn	11.18	36.91	0.920
kor_Hang-pes_Arab	23.01	40.16	0.990
snd_Arab-fin_Latn	24.36	46.19	1.034
kea_Latn-por_Latn	44.59	61.96	0.990
lin_Latn-tir_Ethi	10.67	18.22	0.900
hin_Deva-zho_Hans	21.47	19.01	0.814
pes_Arab-fon_Latn	4.87	19.29	1.058
luo_Latn-lvs_Latn	13.74	32.91	0.973
ita_Latn-ayr_Latn	6.85	30.74	1.128
urd_Arab-fin_Latn	25.02	45.91	0.991
kea_Latn-kor_Hang	21.29	29.11	1.000
swh_Latn-por_Latn	36.06	54.40	0.976
tir_Ethi-eus_Latn	15.82	37.42	0.996
kik_Latn-lin_Latn	12.74	36.93	1.000
snd_Arab-swh_Latn	27.86	51.81	0.969
ayr_Latn-hau_Latn	9.73	28.98	0.982
tso_Latn-luo_Latn	11.73	34.79	0.967
urd_Arab-swh_Latn	25.87	49.89	0.955
fuv_Latn-tir_Ethi	6.56	13.65	1.090
bul_Cyrl-urd_Arab	23.73	42.29	0.959
swh_Latn-kor_Hang	17.48	27.32	1.004
luo_Latn-cjk_Latn	2.74	21.02	0.876
cym_Latn-kin_Latn	24.95	47.70	0.993
wol_Latn-tsn_Latn	13.92	35.92	0.957
eng_Latn-ace_Latn	11.58	36.94	0.890
por_Latn-kor_Hang	23.63	31.96	0.981
wol_Latn-arb_Arab	17.00	31.68	0.940
lvs_Latn-cym_Latn	36.00	53.03	1.000
mar_Deva-swh_Latn	25.79	49.74	0.948
jpn_Jpan-kon_Latn	12.88	39.27	0.960
tel_Telu-por_Latn	35.28	54.67	0.964
lvs_Latn-ast_Latn	22.98	46.61	1.032
fuv_Latn-rus_Cyrl	10.54	26.96	1.038
yue_Hant-oci_Latn	20.61	41.29	0.920
tsn_Latn-oci_Latn	20.58	39.64	0.914
eus_Latn-bul_Cyrl	31.94	49.88	0.967
eus_Latn-wol_Latn	6.71	26.61	1.169
fuv_Latn-nso_Latn	9.83	31.87	1.048
tel_Telu-kor_Hang	21.32	29.43	0.977
ayr_Latn-ewe_Latn	7.34	25.35	0.905
cjk_Latn-kin_Latn	6.18	25.88	1.052
kik_Latn-fra_Latn	10.89	25.96	1.039
rus_Cyrl-jpn_Jpan	16.02	22.33	0.955
sin_Sinh-twi_Latn	11.12	33.59	1.005
kin_Latn-zho_Hans	17.98	16.89	0.811
rus_Cyrl-bel_Cyrl	27.17	42.01	0.926
mar_Deva-vie_Latn	33.50	52.12	0.972
tso_Latn-tsn_Latn	18.94	41.75	0.903
nso_Latn-kon_Latn	15.30	42.09	0.985
bel_Cyrl-kon_Latn	12.37	39.87	1.032
hau_Latn-kin_Latn	17.36	40.62	1.025
snd_Arab-tso_Latn	17.67	44.01	1.119
tso_Latn-arb_Arab	21.80	37.12	0.888
kor_Hang-yor_Latn	9.76	24.35	1.122
tat_Cyrl-isl_Latn	23.08	40.82	0.998
urd_Arab-tso_Latn	18.50	44.13	1.054
tir_Ethi-wol_Latn	5.68	24.75	1.140
tir_Ethi-bul_Cyrl	23.98	42.89	0.952
fon_Latn-kor_Hang	8.64	14.21	0.955
urd_Arab-vie_Latn	32.69	51.48	0.982
lin_Latn-nso_Latn	16.96	40.42	0.959
kon_Latn-hin_Deva	14.97	30.21	0.806
afr_Latn-tam_Taml	31.76	49.89	0.965
sin_Sinh-urd_Arab	21.53	40.07	0.948
mar_Deva-tso_Latn	18.05	43.97	1.061
wol_Latn-luo_Latn	10.09	31.21	0.970
lin_Latn-rus_Cyrl	22.26	38.95	0.945
isl_Latn-ast_Latn	22.53	44.99	0.991
fon_Latn-por_Latn	12.57	30.34	0.936
kon_Latn-eng_Latn	19.70	42.68	1.152
snd_Arab-vie_Latn	33.18	51.65	0.998
hau_Latn-pes_Arab	21.78	38.76	0.963
nso_Latn-lin_Latn	17.18	43.67	1.021
yor_Latn-fuv_Latn	3.82	20.27	1.068
bel_Cyrl-lin_Latn	12.93	41.74	1.070
ewe_Latn-fra_Latn	18.99	36.56	0.974
tam_Taml-fuv_Latn	3.74	21.57	1.108
isl_Latn-rus_Cyrl	28.48	45.45	0.968
lin_Latn-ast_Latn	18.17	39.40	0.990
run_Latn-luo_Latn	11.18	34.39	0.956
arb_Arab-fuv_Latn	3.62	21.99	1.110
pes_Arab-ayr_Latn	6.49	29.99	1.088
ayr_Latn-wol_Latn	4.02	19.27	1.120
ita_Latn-fon_Latn	5.16	20.26	1.108
isl_Latn-nso_Latn	17.27	41.70	1.012
rus_Cyrl-swh_Latn	25.20	49.14	0.968
ayr_Latn-bul_Cyrl	12.81	28.50	0.922
yue_Hant-zho_Hans	27.36	22.43	0.831
tsn_Latn-zho_Hans	15.79	15.32	0.786
eus_Latn-ewe_Latn	13.02	34.89	0.995
fon_Latn-kea_Latn	5.31	21.27	0.801
tat_Cyrl-lvs_Latn	24.46	45.32	0.958
vie_Latn-mal_Mlym	28.97	43.46	0.994
ast_Latn-sin_Sinh	30.04	38.63	0.906
kin_Latn-oci_Latn	21.63	41.24	0.922
kon_Latn-afr_Latn	16.16	37.64	0.943
vie_Latn-tel_Telu	29.01	44.72	0.985
bel_Cyrl-yue_Hant	10.23	12.68	0.865
nso_Latn-yue_Hant	10.56	13.46	0.829
fin_Latn-tsn_Latn	19.26	43.22	0.997
tel_Telu-kea_Latn	13.90	34.51	0.897
afr_Latn-run_Latn	17.79	40.78	1.047
mal_Mlym-sin_Sinh	30.90	39.39	0.902
cjk_Latn-pes_Arab	8.41	23.03	0.976
fin_Latn-arb_Arab	28.87	44.50	0.951
sin_Sinh-tat_Cyrl	24.03	41.92	0.984
lvs_Latn-nso_Latn	17.64	43.38	1.037
tat_Cyrl-cjk_Latn	2.70	22.44	0.946
cym_Latn-yor_Latn	10.48	25.16	1.092
tir_Ethi-ewe_Latn	10.78	31.75	0.958
jpn_Jpan-fra_Latn	31.35	51.25	1.010
eng_Latn-fuv_Latn	5.53	23.81	1.056
fuv_Latn-ast_Latn	8.58	27.55	1.068
lvs_Latn-rus_Cyrl	33.62	50.61	0.986
rus_Cyrl-fin_Latn	27.61	48.47	0.999
mal_Mlym-mar_Deva	23.34	40.88	0.936
urd_Arab-fon_Latn	4.54	18.69	1.088
eng_Latn-run_Latn	18.54	42.43	1.083
pes_Arab-fin_Latn	26.75	47.49	0.984
isl_Latn-oci_Latn	24.27	44.02	0.915
fon_Latn-hau_Latn	9.13	30.38	0.995
snd_Arab-fon_Latn	4.27	18.47	1.174
fuv_Latn-zho_Hans	10.05	10.83	0.923
kea_Latn-ewe_Latn	13.45	34.63	1.008
ewe_Latn-kin_Latn	11.68	33.38	0.974
mar_Deva-fon_Latn	5.09	19.75	1.033
kor_Hang-lin_Latn	15.75	42.95	1.011
kin_Latn-rus_Cyrl	25.03	42.08	0.963
zho_Hans-snd_Arab	17.73	35.44	1.092
zho_Hans-kik_Latn	5.55	24.89	1.128
afr_Latn-fuv_Latn	4.82	22.89	1.067
kin_Latn-nso_Latn	19.82	43.67	0.991
ast_Latn-ita_Latn	30.52	50.94	0.912
fin_Latn-twi_Latn	11.57	34.49	1.011
fra_Latn-luo_Latn	12.87	36.84	0.985
kon_Latn-isl_Latn	15.32	32.40	0.975
jpn_Jpan-kin_Latn	16.55	40.13	1.010
mal_Mlym-ita_Latn	27.28	48.36	0.932
por_Latn-ewe_Latn	14.97	36.76	0.995
cym_Latn-kon_Latn	18.10	44.12	1.011
hin_Deva-tir_Ethi	15.25	23.58	1.004
kor_Hang-yue_Hant	12.44	14.52	0.834
tat_Cyrl-eng_Latn	29.87	54.96	1.144
yor_Latn-run_Latn	12.45	33.33	0.989
rus_Cyrl-ayr_Latn	6.43	30.06	1.105
lvs_Latn-oci_Latn	26.51	46.95	0.943
lin_Latn-zho_Hans	16.75	15.79	0.816
tel_Telu-hau_Latn	21.62	45.54	1.038
tam_Taml-run_Latn	14.70	37.75	1.054
arb_Arab-run_Latn	16.36	39.49	1.036
yue_Hant-ast_Latn	19.26	42.43	0.970
tsn_Latn-ast_Latn	18.66	40.28	1.004
tat_Cyrl-hin_Deva	23.90	41.96	0.892
tso_Latn-tat_Cyrl	18.48	35.84	0.947
fin_Latn-urd_Arab	22.22	40.64	0.968
ast_Latn-mar_Deva	22.91	40.79	0.954
pes_Arab-swh_Latn	26.98	50.82	0.966
swh_Latn-ewe_Latn	14.50	36.03	0.995
kik_Latn-pes_Arab	16.29	32.59	0.975
jpn_Jpan-pes_Arab	20.90	38.43	0.962
tsn_Latn-rus_Cyrl	22.32	39.32	0.954
yue_Hant-rus_Cyrl	25.46	43.47	0.953
kea_Latn-bul_Cyrl	38.41	55.81	0.997
tsn_Latn-nso_Latn	18.06	41.79	0.992
yue_Hant-nso_Latn	16.22	40.75	0.988
kea_Latn-wol_Latn	7.30	27.31	1.201
fuv_Latn-oci_Latn	10.69	27.63	0.985
tel_Telu-eus_Latn	22.08	44.12	0.998
isl_Latn-zho_Hans	16.99	16.29	0.741
cym_Latn-lin_Latn	19.97	46.77	1.036
tat_Cyrl-afr_Latn	24.49	47.44	0.958
eng_Latn-tam_Taml	36.83	54.20	0.973
cjk_Latn-fra_Latn	10.66	27.38	1.010
kik_Latn-kin_Latn	11.40	32.41	1.039
kon_Latn-lvs_Latn	13.50	32.79	0.958
hin_Deva-cym_Latn	38.01	54.99	0.972
tso_Latn-twi_Latn	11.89	34.14	0.956
por_Latn-wol_Latn	7.90	28.33	1.160
sin_Sinh-arb_Arab	25.31	40.94	0.907
por_Latn-bul_Cyrl	42.79	59.42	0.995
ita_Latn-tso_Latn	18.33	44.56	1.083
vie_Latn-ace_Latn	9.34	33.19	0.940
pes_Arab-jpn_Jpan	15.12	22.06	0.945
cym_Latn-yue_Hant	14.09	15.86	0.859
arb_Arab-tam_Taml	28.81	47.57	0.973
kin_Latn-ast_Latn	19.88	41.80	1.002
pes_Arab-bel_Cyrl	22.86	38.24	0.904
sin_Sinh-tsn_Latn	18.40	42.18	0.981
yor_Latn-tam_Taml	18.13	36.36	0.918
hau_Latn-fra_Latn	30.74	48.99	1.017
ace_Latn-mal_Mlym	22.05	35.72	0.980
fon_Latn-eus_Latn	8.98	28.44	0.967
ewe_Latn-pes_Arab	13.77	30.18	0.903
kor_Hang-kon_Latn	14.50	40.87	0.987
lin_Latn-oci_Latn	20.32	39.06	0.913
lvs_Latn-zho_Hans	18.89	17.14	0.761
ita_Latn-vie_Latn	33.78	53.16	1.032
swh_Latn-wol_Latn	7.62	27.45	1.126
swh_Latn-bul_Cyrl	33.63	51.77	0.982
bul_Cyrl-luo_Latn	11.68	35.78	0.987
nso_Latn-yor_Latn	6.44	22.29	1.156
kon_Latn-cjk_Latn	2.72	21.24	0.878
bel_Cyrl-yor_Latn	8.96	23.17	1.089
fin_Latn-tat_Cyrl	25.59	43.50	1.002
tso_Latn-urd_Arab	17.19	34.05	0.897
ace_Latn-tel_Telu	22.70	36.86	0.971
rus_Cyrl-cym_Latn	35.87	52.83	1.005
kon_Latn-lin_Latn	13.49	38.52	0.927
sin_Sinh-ita_Latn	25.93	47.00	0.919
swh_Latn-tam_Taml	26.71	45.00	0.935
tso_Latn-sin_Sinh	18.26	27.34	0.704
bul_Cyrl-kik_Latn	10.87	32.53	0.969
bul_Cyrl-snd_Arab	22.01	39.24	1.039
fuv_Latn-tso_Latn	8.56	30.86	1.091
yor_Latn-bul_Cyrl	20.96	38.79	0.930
yor_Latn-wol_Latn	6.12	24.36	1.142
fuv_Latn-vie_Latn	12.98	29.14	1.005
cym_Latn-lvs_Latn	29.21	49.75	0.965
arb_Arab-wol_Latn	6.67	27.15	1.175
arb_Arab-bul_Cyrl	38.07	56.12	1.003
tam_Taml-wol_Latn	6.00	26.03	1.212
tam_Taml-bul_Cyrl	32.46	50.65	0.986
ayr_Latn-fuv_Latn	2.52	16.91	1.129
por_Latn-tam_Taml	30.74	48.72	0.956
bel_Cyrl-afr_Latn	19.75	43.70	0.995
nso_Latn-afr_Latn	27.38	49.20	0.975
ita_Latn-oci_Latn	29.22	49.82	0.992
urd_Arab-rus_Cyrl	29.44	46.79	0.981
vie_Latn-kor_Hang	21.73	29.62	0.989
eng_Latn-wol_Latn	8.94	29.68	1.160
sin_Sinh-mar_Deva	21.54	39.32	0.943
eng_Latn-bul_Cyrl	51.24	66.20	0.990
kon_Latn-yue_Hant	7.83	10.52	0.751
snd_Arab-nso_Latn	22.40	46.72	1.007
snd_Arab-rus_Cyrl	29.24	46.85	1.007
urd_Arab-nso_Latn	20.22	44.86	1.003
lin_Latn-vie_Latn	26.53	43.90	0.937
vie_Latn-por_Latn	34.50	54.13	1.001
kin_Latn-fon_Latn	5.42	20.06	1.026
kea_Latn-tam_Taml	28.22	46.27	0.969
tat_Cyrl-yor_Latn	7.43	21.23	1.003
cym_Latn-cjk_Latn	3.60	23.85	0.987
luo_Latn-kin_Latn	11.52	32.88	0.959
mar_Deva-rus_Cyrl	29.50	46.94	0.980
lin_Latn-tso_Latn	18.35	41.88	0.976
kor_Hang-isl_Latn	23.09	40.96	1.008
mar_Deva-nso_Latn	19.39	44.46	1.009
ace_Latn-hau_Latn	19.03	40.82	0.999
twi_Latn-pes_Arab	16.97	33.23	0.968
fin_Latn-sin_Sinh	25.74	34.59	0.864
por_Latn-run_Latn	17.94	40.75	1.039
vie_Latn-kea_Latn	15.55	35.99	0.895
ace_Latn-eus_Latn	16.25	37.11	0.937
mal_Mlym-arb_Arab	29.77	45.08	0.931
fon_Latn-mal_Mlym	11.53	25.11	0.950
isl_Latn-tso_Latn	17.90	42.94	1.043
mar_Deva-ast_Latn	22.44	46.09	1.011
kor_Hang-lvs_Latn	22.15	43.37	0.961
fon_Latn-tel_Telu	11.25	24.48	0.905
mal_Mlym-tsn_Latn	19.10	43.15	0.960
tam_Taml-ewe_Latn	13.01	34.95	1.006
isl_Latn-vie_Latn	31.75	49.55	0.972
luo_Latn-pes_Arab	15.20	31.07	0.903
arb_Arab-ewe_Latn	13.90	36.01	1.006
yor_Latn-ewe_Latn	11.15	31.46	0.950
snd_Arab-ast_Latn	21.29	44.96	1.034
eus_Latn-fuv_Latn	3.87	21.75	1.092
swh_Latn-run_Latn	16.40	39.29	1.054
urd_Arab-ast_Latn	21.73	45.18	1.004
twi_Latn-kin_Latn	13.13	36.47	1.061
tsn_Latn-fon_Latn	5.54	20.74	1.006
yue_Hant-fon_Latn	3.82	16.56	1.101
fra_Latn-kik_Latn	12.68	34.27	0.943
fra_Latn-snd_Arab	22.48	39.47	1.047
eng_Latn-ewe_Latn	16.90	39.02	1.012
tir_Ethi-fuv_Latn	3.37	20.26	1.109
ita_Latn-zho_Hans	20.09	18.45	0.779
zho_Hans-luo_Latn	10.30	33.56	1.015
kea_Latn-run_Latn	15.36	37.69	1.045
lvs_Latn-vie_Latn	34.25	52.75	0.994
rus_Cyrl-tir_Ethi	13.92	22.56	1.010
kor_Hang-cjk_Latn	2.53	22.12	0.960
cym_Latn-isl_Latn	30.19	47.63	1.028
hin_Deva-ayr_Latn	6.25	30.28	1.130
oci_Latn-fra_Latn	46.86	65.63	1.086
lvs_Latn-tso_Latn	17.51	43.38	1.056
ast_Latn-tsn_Latn	20.75	43.68	0.933
nso_Latn-hin_Deva	24.73	41.86	0.915
bel_Cyrl-hin_Deva	20.57	39.22	0.987
ast_Latn-arb_Arab	31.78	46.91	0.929
bel_Cyrl-eng_Latn	21.86	50.23	1.223
nso_Latn-eng_Latn	37.72	59.77	1.136
tel_Telu-mal_Mlym	34.04	47.43	0.970
ace_Latn-kor_Hang	16.43	23.16	0.987
kin_Latn-vie_Latn	30.35	47.63	0.962
twi_Latn-fra_Latn	22.94	40.34	1.000
afr_Latn-ewe_Latn	15.26	36.96	1.000
tat_Cyrl-lin_Latn	14.04	41.20	0.967
ace_Latn-por_Latn	26.73	44.95	0.958
fin_Latn-ita_Latn	29.46	49.95	0.955
ast_Latn-twi_Latn	11.91	33.43	0.972
cym_Latn-afr_Latn	38.07	59.39	0.988
ita_Latn-ast_Latn	24.39	49.21	1.062
mal_Mlym-urd_Arab	23.79	42.03	0.960
tir_Ethi-run_Latn	12.35	34.14	0.984
hin_Deva-swh_Latn	27.48	51.06	0.963
pes_Arab-tir_Ethi	14.16	22.77	1.019
kin_Latn-tso_Latn	19.55	44.21	1.026
vie_Latn-hau_Latn	21.55	45.82	1.034
kea_Latn-fuv_Latn	3.95	21.23	1.110
nso_Latn-lvs_Latn	21.79	41.70	0.970
bel_Cyrl-lvs_Latn	19.91	42.22	0.999
lin_Latn-fon_Latn	5.79	20.35	0.982
kor_Hang-hin_Deva	24.33	42.44	0.952
hin_Deva-fin_Latn	25.85	46.84	1.006
fuv_Latn-fon_Latn	3.00	15.25	1.260
snd_Arab-zho_Hans	22.48	19.14	0.895
oci_Latn-kin_Latn	23.48	47.80	1.045
fin_Latn-mar_Deva	20.39	38.02	0.956
tat_Cyrl-yue_Hant	11.01	13.45	0.783
eus_Latn-run_Latn	15.91	38.53	1.032
kor_Hang-eng_Latn	32.85	55.94	1.048
urd_Arab-zho_Hans	21.70	18.80	0.855
swh_Latn-fuv_Latn	4.78	22.59	1.049
ast_Latn-urd_Arab	22.43	41.27	0.947
mal_Mlym-twi_Latn	11.54	34.31	1.003
por_Latn-fuv_Latn	4.59	22.72	1.081
ayr_Latn-tam_Taml	11.11	26.86	0.933
run_Latn-kik_Latn	10.05	30.60	0.916
run_Latn-snd_Arab	15.07	30.73	1.016
kon_Latn-yor_Latn	4.94	18.44	1.035
nso_Latn-cjk_Latn	3.62	23.29	0.931
bel_Cyrl-cjk_Latn	2.22	22.20	0.985
mar_Deva-zho_Hans	20.97	18.61	0.816
oci_Latn-pes_Arab	30.31	47.31	1.033
hin_Deva-bel_Cyrl	22.79	38.07	0.887
wol_Latn-kik_Latn	5.05	22.46	0.980
wol_Latn-snd_Arab	11.23	26.40	1.067
tso_Latn-ita_Latn	22.46	42.19	0.916
kor_Hang-afr_Latn	23.96	47.47	0.960
tsn_Latn-tso_Latn	19.19	43.27	1.012
yue_Hant-tso_Latn	16.28	41.11	1.033
afr_Latn-bul_Cyrl	43.13	59.66	0.997
tel_Telu-ace_Latn	8.05	31.93	0.954
afr_Latn-wol_Latn	7.94	28.36	1.172
tir_Ethi-tam_Taml	21.69	40.68	0.934
hin_Deva-jpn_Jpan	15.87	22.36	0.942
tsn_Latn-vie_Latn	26.58	44.19	0.964
yue_Hant-vie_Latn	30.56	49.73	0.971
mal_Mlym-tat_Cyrl	24.98	43.13	0.990
lvs_Latn-fon_Latn	4.87	19.86	1.039
ita_Latn-nso_Latn	17.54	43.72	1.068
bel_Cyrl-isl_Latn	18.54	38.26	1.052
isl_Latn-fon_Latn	5.22	20.16	1.014
nso_Latn-isl_Latn	23.68	40.91	0.994
luo_Latn-fra_Latn	20.79	38.47	0.995
ace_Latn-kea_Latn	10.82	28.89	0.816
snd_Arab-oci_Latn	25.86	46.12	0.949
vie_Latn-eus_Latn	21.28	43.53	0.959
ast_Latn-tat_Cyrl	27.37	44.67	0.966
ayr_Latn-run_Latn	7.77	26.34	0.941
tat_Cyrl-kon_Latn	13.51	39.47	0.934
urd_Arab-oci_Latn	25.23	45.58	0.932
tso_Latn-mar_Deva	15.62	31.65	0.863
ita_Latn-rus_Cyrl	31.68	49.00	1.009
cym_Latn-eng_Latn	53.25	73.82	1.125
fon_Latn-ace_Latn	4.56	24.21	1.013
pes_Arab-cym_Latn	37.43	54.15	1.002
eus_Latn-tam_Taml	25.48	43.90	0.937
mar_Deva-oci_Latn	25.54	45.91	0.935
cym_Latn-hin_Deva	32.65	50.61	0.967
cjk_Latn-eus_Latn	7.08	25.73	1.032
fuv_Latn-snd_Arab	7.63	21.90	1.163
fuv_Latn-kik_Latn	4.17	21.36	1.004
por_Latn-lin_Latn	19.51	47.00	1.041
yor_Latn-cjk_Latn	2.72	21.58	0.936
bul_Cyrl-tso_Latn	19.04	45.31	1.072
arb_Arab-cjk_Latn	2.72	23.33	0.984
kea_Latn-yue_Hant	13.50	15.42	0.863
jpn_Jpan-kea_Latn	12.01	33.06	0.860
tam_Taml-cjk_Latn	2.70	22.48	0.992
tel_Telu-fra_Latn	35.07	55.35	1.086
ayr_Latn-yor_Latn	6.20	17.95	1.015
oci_Latn-tel_Telu	32.61	48.96	1.025
kik_Latn-kor_Hang	9.67	18.31	1.119
ita_Latn-luo_Latn	12.33	36.09	0.999
afr_Latn-eng_Latn	57.07	74.95	1.075
bul_Cyrl-vie_Latn	36.16	54.42	0.994
sin_Sinh-swh_Latn	24.22	47.95	0.961
swh_Latn-lin_Latn	17.74	44.66	1.012
eng_Latn-lvs_Latn	35.46	54.92	0.967
run_Latn-fon_Latn	5.20	20.05	1.019
kik_Latn-por_Latn	22.12	40.42	0.980
oci_Latn-mal_Mlym	33.33	48.35	1.016
afr_Latn-hin_Deva	32.98	50.81	0.959
kon_Latn-tam_Taml	14.61	30.76	0.816
sin_Sinh-fin_Latn	22.85	43.44	1.013
por_Latn-yue_Hant	12.95	15.87	0.818
tso_Latn-ayr_Latn	5.34	27.52	1.090
kea_Latn-lin_Latn	17.96	43.88	1.027
fon_Latn-fra_Latn	13.37	30.64	0.948
tam_Taml-lvs_Latn	22.71	43.83	0.963
hau_Latn-eus_Latn	18.29	40.06	0.975
arb_Arab-lvs_Latn	27.43	48.21	0.967
cym_Latn-wol_Latn	7.16	27.40	1.209
cym_Latn-bul_Cyrl	41.67	58.81	0.993
yor_Latn-lvs_Latn	14.64	33.96	0.917
rus_Cyrl-tat_Cyrl	30.59	48.18	1.012
kor_Hang-ewe_Latn	11.92	34.01	1.027
luo_Latn-ace_Latn	6.97	28.08	0.917
swh_Latn-yue_Hant	11.71	14.76	0.809
ewe_Latn-kea_Latn	6.57	23.21	0.772
eng_Latn-cjk_Latn	4.00	24.91	0.963
lin_Latn-snd_Arab	16.66	32.04	0.992
lin_Latn-kik_Latn	8.85	28.80	0.869
tat_Cyrl-fuv_Latn	3.51	20.53	1.031
pes_Arab-tsn_Latn	20.26	43.99	0.975
kon_Latn-run_Latn	11.20	31.70	0.969
sin_Sinh-bel_Cyrl	21.24	36.50	0.877
isl_Latn-snd_Arab	18.69	34.98	1.020
isl_Latn-kik_Latn	10.65	31.82	0.917
rus_Cyrl-twi_Latn	11.40	34.17	0.990
kea_Latn-kon_Latn	17.85	43.61	1.005
pes_Arab-arb_Arab	31.65	47.05	0.959
hin_Deva-sin_Sinh	30.20	38.61	0.880
sin_Sinh-jpn_Jpan	14.24	20.84	0.947
eus_Latn-yor_Latn	10.32	24.16	1.047
twi_Latn-ace_Latn	7.25	28.81	0.950
zho_Hans-oci_Latn	21.37	42.14	0.982
yor_Latn-isl_Latn	17.12	34.22	0.959
tam_Taml-isl_Latn	23.46	41.57	1.035
ewe_Latn-por_Latn	18.07	36.62	0.915
arb_Arab-isl_Latn	26.47	44.83	1.037
ewe_Latn-kor_Hang	9.33	17.46	0.984
fin_Latn-ayr_Latn	6.24	29.71	1.105
por_Latn-kon_Latn	17.50	43.98	0.999
jpn_Jpan-por_Latn	27.89	48.68	0.980
wol_Latn-fon_Latn	4.02	16.79	1.185
eng_Latn-isl_Latn	35.27	51.52	0.993
rus_Cyrl-urd_Arab	22.34	40.81	0.963
tir_Ethi-yor_Latn	9.06	22.43	1.035
cym_Latn-ewe_Latn	14.67	36.05	1.004
jpn_Jpan-kor_Hang	21.50	28.68	0.950
fra_Latn-tso_Latn	20.32	46.05	1.070
fra_Latn-vie_Latn	37.26	55.05	1.004
kor_Hang-bul_Cyrl	30.52	48.87	0.993
kor_Hang-wol_Latn	5.84	25.03	1.164
kik_Latn-kea_Latn	3.57	16.09	0.672
lvs_Latn-kik_Latn	9.94	31.14	0.931
lvs_Latn-snd_Arab	19.99	37.17	1.041
swh_Latn-kon_Latn	15.50	42.79	0.989
cjk_Latn-hau_Latn	6.29	26.58	1.051
luo_Latn-tel_Telu	14.43	26.66	0.787
hin_Deva-ita_Latn	27.91	49.01	0.928
tso_Latn-jpn_Jpan	4.53	18.06	1.310
eus_Latn-kon_Latn	15.66	41.84	0.994
afr_Latn-isl_Latn	31.15	48.33	1.016
hau_Latn-kea_Latn	11.25	29.69	0.859
tso_Latn-bel_Cyrl	18.61	33.52	0.865
ayr_Latn-yue_Hant	5.61	8.13	0.818
luo_Latn-mal_Mlym	14.83	27.73	0.840
tat_Cyrl-tam_Taml	23.59	41.87	0.887
kea_Latn-yor_Latn	9.78	24.46	1.125
kin_Latn-kik_Latn	10.28	30.66	0.894
kin_Latn-snd_Arab	18.20	34.07	1.006
zho_Hans-nso_Latn	17.06	42.10	1.032
mal_Mlym-tir_Ethi	14.55	22.84	1.012
fon_Latn-pes_Arab	9.17	24.61	0.944
eng_Latn-afr_Latn	45.46	65.27	0.981
fin_Latn-swh_Latn	23.79	47.71	0.976
pes_Arab-urd_Arab	23.61	42.43	0.963
zho_Hans-rus_Cyrl	26.86	45.38	1.024
ewe_Latn-eus_Latn	12.38	32.89	0.912
tel_Telu-pes_Arab	26.99	43.51	0.958
swh_Latn-yor_Latn	7.25	22.93	1.158
nso_Latn-bul_Cyrl	30.13	48.31	0.956
bel_Cyrl-wol_Latn	4.83	24.73	1.233
bel_Cyrl-bul_Cyrl	27.45	47.86	1.033
cjk_Latn-kea_Latn	4.61	20.06	0.826
nso_Latn-wol_Latn	8.02	27.87	1.144
bul_Cyrl-fon_Latn	5.01	20.02	1.029
hin_Deva-mar_Deva	25.52	43.39	0.961
arb_Arab-afr_Latn	30.90	53.90	0.986
ayr_Latn-lin_Latn	10.12	32.62	0.919
tam_Taml-afr_Latn	26.42	49.45	0.967
run_Latn-vie_Latn	26.11	43.73	0.959
kik_Latn-hau_Latn	13.05	34.99	1.026
ast_Latn-tir_Ethi	14.70	22.85	1.006
oci_Latn-ace_Latn	10.05	34.77	0.982
jpn_Jpan-eus_Latn	18.40	40.28	0.911
yor_Latn-afr_Latn	17.71	39.36	0.931
kon_Latn-fuv_Latn	3.79	19.96	1.007
tir_Ethi-kon_Latn	12.86	39.31	0.993
run_Latn-tso_Latn	17.26	41.90	1.042
rus_Cyrl-tsn_Latn	19.14	43.31	0.984
por_Latn-yor_Latn	9.81	25.09	1.118
pes_Arab-twi_Latn	11.59	34.21	0.996
rus_Cyrl-arb_Arab	30.32	45.46	0.954
arb_Arab-hin_Deva	29.11	47.86	0.956
fin_Latn-jpn_Jpan	14.55	22.35	1.008
fra_Latn-fon_Latn	5.34	20.34	1.075
yue_Hant-kik_Latn	7.78	27.91	0.887
tsn_Latn-snd_Arab	16.76	32.21	1.023
yue_Hant-snd_Arab	18.36	34.96	1.013
tsn_Latn-kik_Latn	11.22	32.48	0.896
tam_Taml-hin_Deva	27.47	45.70	0.937
tel_Telu-kin_Latn	19.97	43.45	1.005
yor_Latn-hin_Deva	17.85	34.61	0.884
cjk_Latn-kor_Hang	6.39	12.66	1.052
ast_Latn-cym_Latn	39.95	55.77	0.960
tam_Taml-eng_Latn	28.98	56.98	1.325
cjk_Latn-por_Latn	12.07	28.91	0.942
ayr_Latn-kon_Latn	8.78	31.58	0.884
arb_Arab-eng_Latn	37.82	64.08	1.212
wol_Latn-tso_Latn	12.34	35.44	1.066
mar_Deva-luo_Latn	12.13	35.93	0.981
fin_Latn-bel_Cyrl	23.98	39.18	0.913
eus_Latn-yue_Hant	12.05	14.30	0.829
tat_Cyrl-run_Latn	13.51	35.31	0.978
yor_Latn-eng_Latn	21.38	44.65	1.189
tir_Ethi-lin_Latn	14.05	40.74	0.970
jpn_Jpan-hau_Latn	17.96	42.40	0.993
afr_Latn-cjk_Latn	3.74	24.22	0.987
snd_Arab-luo_Latn	12.52	35.93	0.978
wol_Latn-vie_Latn	19.19	36.00	0.989
kik_Latn-eus_Latn	13.07	33.51	1.015
urd_Arab-luo_Latn	11.62	35.33	0.957
pes_Arab-tat_Cyrl	25.39	43.59	0.985
tso_Latn-swh_Latn	21.58	44.26	0.911
hau_Latn-por_Latn	29.79	48.64	0.976
ewe_Latn-hau_Latn	12.28	33.98	0.933
zho_Hans-ast_Latn	16.12	38.69	1.079
bel_Cyrl-ewe_Latn	10.77	32.78	1.027
twi_Latn-mal_Mlym	18.63	32.40	0.955
nso_Latn-ewe_Latn	14.38	35.64	0.991
eus_Latn-lin_Latn	16.99	44.22	1.037
twi_Latn-tel_Telu	18.83	32.43	0.920
tso_Latn-fin_Latn	20.38	41.07	0.955
sin_Sinh-ayr_Latn	5.09	28.55	1.259
hau_Latn-kor_Hang	14.63	23.79	1.020
eng_Latn-hin_Deva	40.18	56.87	0.959
afr_Latn-lvs_Latn	30.64	50.96	0.966
tir_Ethi-yue_Hant	9.80	12.21	0.821
mal_Mlym-cym_Latn	35.18	52.30	0.981
fon_Latn-kin_Latn	8.87	29.52	0.981
nso_Latn-run_Latn	15.78	38.61	1.065
cjk_Latn-ace_Latn	4.61	23.96	1.037
bel_Cyrl-run_Latn	12.26	35.68	1.046
bul_Cyrl-rus_Cyrl	35.62	52.48	0.973
oci_Latn-kea_Latn	18.27	39.12	0.930
ayr_Latn-isl_Latn	10.08	25.38	0.972
wol_Latn-oci_Latn	15.43	33.56	0.937
bul_Cyrl-nso_Latn	19.25	45.11	1.033
afr_Latn-yue_Hant	14.19	16.08	0.843
tir_Ethi-lvs_Latn	17.03	37.75	0.948
eus_Latn-cjk_Latn	3.08	23.00	0.960
jpn_Jpan-tel_Telu	24.50	39.27	0.940
kea_Latn-eng_Latn	44.43	66.47	1.121
jpn_Jpan-mal_Mlym	25.43	39.74	0.963
fra_Latn-ast_Latn	27.99	51.84	1.039
kea_Latn-hin_Deva	29.04	46.71	0.940
urd_Arab-kik_Latn	8.23	28.11	0.938
urd_Arab-snd_Arab	25.29	42.12	1.020
swh_Latn-eng_Latn	42.95	64.00	1.074
kor_Hang-fuv_Latn	3.49	20.75	1.097
ewe_Latn-tel_Telu	15.19	29.31	0.846
hau_Latn-ace_Latn	8.63	31.91	0.928
tir_Ethi-cjk_Latn	1.87	19.15	1.114
tat_Cyrl-ewe_Latn	11.87	33.12	0.944
afr_Latn-lin_Latn	19.44	47.30	1.060
ewe_Latn-mal_Mlym	15.12	29.12	0.877
snd_Arab-kik_Latn	7.29	26.97	1.038
ace_Latn-pes_Arab	19.41	35.49	0.965
swh_Latn-hin_Deva	28.08	45.82	0.917
twi_Latn-hau_Latn	14.73	37.02	1.008
mar_Deva-snd_Arab	23.81	40.24	1.011
mar_Deva-kik_Latn	10.44	31.55	0.930
sin_Sinh-tir_Ethi	13.38	21.53	0.993
por_Latn-hin_Deva	31.79	49.69	0.959
run_Latn-zho_Hans	15.69	15.52	0.798
eus_Latn-lvs_Latn	23.45	44.17	0.926
luo_Latn-eus_Latn	12.80	33.30	0.907
zho_Hans-fon_Latn	3.94	16.93	1.263
tsn_Latn-luo_Latn	11.25	34.22	0.959
yue_Hant-luo_Latn	10.10	33.25	0.936
vie_Latn-fra_Latn	36.88	55.70	1.028
por_Latn-eng_Latn	51.67	70.77	1.059
swh_Latn-afr_Latn	28.76	51.48	0.982
luo_Latn-hau_Latn	12.25	33.57	0.910
ace_Latn-kin_Latn	16.70	38.39	0.986
wol_Latn-zho_Hans	13.79	13.82	0.900
mal_Mlym-ayr_Latn	5.98	29.78	1.180
afr_Latn-kon_Latn	17.22	44.27	1.013
eus_Latn-isl_Latn	22.61	40.09	1.009
arb_Arab-yor_Latn	9.54	24.58	1.109
tam_Taml-yor_Latn	9.42	24.31	1.094
twi_Latn-eus_Latn	14.78	35.91	0.981
ayr_Latn-cjk_Latn	2.56	20.07	0.893
rus_Cyrl-ita_Latn	29.75	50.38	0.957
por_Latn-afr_Latn	35.26	57.11	0.989
bel_Cyrl-tam_Taml	20.92	40.08	0.967
sin_Sinh-cym_Latn	34.03	51.14	0.977
nso_Latn-tam_Taml	24.11	42.28	0.940
kik_Latn-mal_Mlym	15.98	28.93	0.968
hin_Deva-arb_Arab	30.57	46.01	0.916
oci_Latn-por_Latn	46.67	64.32	1.008
pes_Arab-sin_Sinh	29.67	38.54	0.918
fra_Latn-rus_Cyrl	35.32	51.71	0.992
hin_Deva-tsn_Latn	20.20	44.17	0.958
fra_Latn-nso_Latn	19.92	45.38	1.042
tat_Cyrl-wol_Latn	6.15	25.58	1.126
oci_Latn-kor_Hang	23.42	31.79	1.033
kik_Latn-tel_Telu	15.34	27.90	0.884
kin_Latn-luo_Latn	12.85	35.99	0.957
tat_Cyrl-bul_Cyrl	33.19	51.40	0.964
tir_Ethi-isl_Latn	18.70	36.45	0.992
run_Latn-oci_Latn	19.26	38.23	0.913
ast_Latn-ayr_Latn	7.68	30.68	1.041
kea_Latn-afr_Latn	31.86	53.69	0.978
ayr_Latn-lvs_Latn	8.46	25.05	0.964
rus_Cyrl-mar_Deva	20.96	38.92	0.963
eng_Latn-yor_Latn	10.93	26.07	1.121
bul_Cyrl-ast_Latn	25.40	49.38	1.020
cym_Latn-fuv_Latn	4.23	21.98	1.127
mal_Mlym-fin_Latn	23.70	45.47	1.044
lvs_Latn-luo_Latn	10.82	34.55	0.977
bul_Cyrl-zho_Hans	20.62	18.36	0.772
kor_Hang-tam_Taml	24.72	43.07	0.967
kea_Latn-isl_Latn	27.28	44.45	1.018
zho_Hans-vie_Latn	32.02	51.25	1.010
vie_Latn-pes_Arab	25.62	42.46	0.990
tir_Ethi-afr_Latn	18.73	41.87	0.951
ast_Latn-swh_Latn	28.63	51.65	0.940
pes_Arab-mar_Deva	21.35	39.71	0.965
cym_Latn-run_Latn	17.91	40.17	1.016
yor_Latn-kon_Latn	13.00	38.24	0.951
rus_Cyrl-sin_Sinh	26.77	35.70	0.858
hau_Latn-tel_Telu	23.41	38.23	0.934
afr_Latn-yor_Latn	9.72	25.18	1.124
zho_Hans-tso_Latn	15.79	41.95	1.104
tso_Latn-cym_Latn	30.84	46.81	0.963
hin_Deva-twi_Latn	12.41	35.24	0.989
arb_Arab-kon_Latn	16.59	43.47	1.010
ayr_Latn-eng_Latn	10.42	30.90	1.293
twi_Latn-kor_Hang	11.70	20.26	1.051
tam_Taml-kon_Latn	14.32	41.47	1.024
twi_Latn-por_Latn	22.26	40.62	0.965
luo_Latn-kea_Latn	7.00	23.54	0.762
ace_Latn-fra_Latn	27.88	45.22	0.998
hau_Latn-mal_Mlym	23.24	37.87	0.954
ayr_Latn-hin_Deva	10.52	23.94	0.883
ewe_Latn-ace_Latn	5.37	26.66	0.900
por_Latn-isl_Latn	29.46	46.85	1.018
eng_Latn-kon_Latn	18.77	45.73	0.995
kon_Latn-ewe_Latn	10.22	30.57	0.940
pes_Arab-ita_Latn	28.60	49.64	0.944
oci_Latn-eus_Latn	26.24	49.13	1.040
fra_Latn-oci_Latn	36.11	55.12	0.970
jpn_Jpan-ace_Latn	6.04	28.41	0.961
mal_Mlym-swh_Latn	25.06	49.02	0.966
run_Latn-nso_Latn	16.89	40.45	0.999
cjk_Latn-mal_Mlym	8.49	21.74	1.103
hin_Deva-urd_Arab	26.40	44.76	0.957
eus_Latn-afr_Latn	25.69	48.76	0.960
cjk_Latn-tel_Telu	9.85	20.78	0.981
swh_Latn-isl_Latn	26.38	43.67	1.000
ast_Latn-fin_Latn	28.21	48.59	0.985
run_Latn-rus_Cyrl	22.10	38.88	0.968
wol_Latn-ast_Latn	13.87	34.22	1.018
isl_Latn-luo_Latn	10.99	34.13	0.972
fin_Latn-tir_Ethi	13.60	21.90	1.026
lin_Latn-luo_Latn	11.98	35.12	0.947
wol_Latn-rus_Cyrl	15.63	31.97	0.999
run_Latn-ast_Latn	17.48	38.71	0.998
eng_Latn-lin_Latn	21.46	48.31	1.024
swh_Latn-lvs_Latn	24.44	45.03	0.972
wol_Latn-nso_Latn	14.52	36.58	0.995
bul_Cyrl-oci_Latn	29.42	49.91	0.938
kea_Latn-cjk_Latn	3.74	23.58	1.001
cym_Latn-tam_Taml	31.40	49.92	0.973
arb_Arab-yue_Hant	12.07	14.36	0.829
fin_Latn-cym_Latn	35.76	53.00	1.010
tam_Taml-yue_Hant	11.44	13.78	0.841
ast_Latn-jpn_Jpan	16.44	22.57	0.929
yor_Latn-yue_Hant	8.70	10.84	0.819
kik_Latn-ace_Latn	5.79	26.57	0.981
oci_Latn-hau_Latn	25.24	49.80	1.062
kor_Hang-run_Latn	14.13	36.27	1.008
eus_Latn-eng_Latn	32.33	56.93	1.138
ast_Latn-bel_Cyrl	22.89	38.01	0.886
eus_Latn-hin_Deva	24.99	42.94	0.940
por_Latn-lvs_Latn	30.19	50.43	0.965
eng_Latn-yue_Hant	16.78	18.06	0.862
swh_Latn-cjk_Latn	3.23	23.23	0.951
kon_Latn-bul_Cyrl	19.51	36.84	0.918
kon_Latn-wol_Latn	6.17	24.11	1.077
tir_Ethi-hin_Deva	20.58	38.53	0.893
mal_Mlym-bel_Cyrl	22.03	37.28	0.889
vie_Latn-kin_Latn	20.83	44.52	1.018
mal_Mlym-jpn_Jpan	15.48	21.97	0.966
ita_Latn-snd_Arab	20.17	37.46	1.062
ita_Latn-kik_Latn	12.28	33.94	0.968
tir_Ethi-eng_Latn	20.92	47.72	1.294
fra_Latn-zho_Hans	21.57	19.52	0.798
luo_Latn-por_Latn	20.82	38.88	0.926
nso_Latn-fuv_Latn	5.30	22.61	1.038
yor_Latn-lin_Latn	14.56	39.76	0.959
bel_Cyrl-fuv_Latn	2.80	20.83	1.155
hin_Deva-tat_Cyrl	26.17	44.37	0.989
twi_Latn-kea_Latn	6.46	22.14	0.778
ayr_Latn-afr_Latn	10.23	29.20	0.908
arb_Arab-lin_Latn	18.08	46.24	1.040
kea_Latn-lvs_Latn	26.37	47.03	0.974
tam_Taml-lin_Latn	16.17	43.99	1.034
por_Latn-cjk_Latn	3.71	24.09	0.969
tso_Latn-tir_Ethi	10.28	17.68	0.875
fuv_Latn-luo_Latn	7.31	27.67	1.000
luo_Latn-kor_Hang	11.04	18.83	0.965
lin_Latn-arb_Arab	21.81	37.11	0.900
tel_Telu-cjk_Latn	2.85	22.80	0.993
hau_Latn-tam_Taml	22.51	40.85	0.950
zho_Hans-bel_Cyrl	21.61	37.05	0.938
lin_Latn-tsn_Latn	17.26	40.51	0.924
zho_Hans-jpn_Jpan	16.89	22.36	0.986
yue_Hant-twi_Latn	9.67	31.24	0.960
tsn_Latn-twi_Latn	11.76	33.74	0.982
ita_Latn-mar_Deva	21.51	39.22	0.971
kor_Hang-mal_Mlym	26.37	40.95	0.969
tso_Latn-rus_Cyrl	22.79	39.29	0.932
sin_Sinh-oci_Latn	23.61	44.06	0.919
afr_Latn-kin_Latn	23.68	47.14	1.018
ace_Latn-kon_Latn	14.65	39.36	0.966
yor_Latn-fra_Latn	23.39	41.57	0.987
kor_Hang-tel_Telu	26.44	41.63	0.969
tam_Taml-fra_Latn	32.43	52.82	1.067
ewe_Latn-fuv_Latn	3.63	19.85	1.012
fon_Latn-lvs_Latn	8.81	26.22	0.929
arb_Arab-fra_Latn	38.88	58.84	1.067
tat_Cyrl-kea_Latn	10.69	30.25	0.842
tso_Latn-nso_Latn	18.65	42.09	0.959
mar_Deva-sin_Sinh	29.87	38.28	0.884
tel_Telu-lvs_Latn	24.25	45.19	0.951
fin_Latn-ast_Latn	23.54	47.21	1.022
wol_Latn-tir_Ethi	8.80	16.12	1.045
tsn_Latn-urd_Arab	16.36	33.43	0.934
yue_Hant-urd_Arab	19.43	37.63	0.944
cjk_Latn-tam_Taml	9.60	24.12	0.911
eng_Latn-fra_Latn	57.04	70.60	0.995
jpn_Jpan-fuv_Latn	3.14	20.54	1.072
kon_Latn-eus_Latn	13.41	33.99	0.920
urd_Arab-sin_Sinh	29.75	38.52	0.909
fuv_Latn-tsn_Latn	9.74	31.41	0.993
run_Latn-cym_Latn	26.56	43.72	0.982
fon_Latn-cjk_Latn	2.31	20.49	0.935
snd_Arab-sin_Sinh	31.24	40.14	0.947
oci_Latn-ewe_Latn	14.02	36.42	1.045
kin_Latn-tat_Cyrl	20.83	38.59	0.974
fuv_Latn-arb_Arab	12.10	26.23	0.985
cym_Latn-tel_Telu	33.59	49.33	0.974
wol_Latn-cym_Latn	19.53	36.28	1.009
lvs_Latn-arb_Arab	29.34	44.68	0.948
cym_Latn-mal_Mlym	33.69	48.11	0.981
lvs_Latn-tsn_Latn	18.77	43.11	0.988
ast_Latn-tso_Latn	20.37	44.43	1.004
kon_Latn-hau_Latn	11.80	33.75	0.939
sin_Sinh-zho_Hans	18.96	17.26	0.796
zho_Hans-swh_Latn	22.37	46.43	1.011
ace_Latn-yue_Hant	10.11	12.49	0.846
run_Latn-tir_Ethi	10.76	18.55	0.963
ast_Latn-vie_Latn	35.73	53.22	0.972
kik_Latn-fuv_Latn	3.86	20.58	1.120
fin_Latn-rus_Cyrl	32.18	49.12	0.984
fin_Latn-nso_Latn	17.70	42.99	1.030
tel_Telu-isl_Latn	24.78	42.80	1.038
kin_Latn-twi_Latn	12.13	34.63	0.992
hau_Latn-run_Latn	14.34	36.64	1.049
fon_Latn-isl_Latn	9.88	26.16	0.958
zho_Hans-fin_Latn	22.67	44.70	1.034
mal_Mlym-vie_Latn	32.61	51.28	0.986
tsn_Latn-tat_Cyrl	17.88	35.44	0.959
yue_Hant-tat_Cyrl	22.24	40.25	0.975
tso_Latn-ast_Latn	20.15	41.54	0.980
vie_Latn-yor_Latn	9.41	24.16	1.101
afr_Latn-pes_Arab	30.55	46.83	0.981
cjk_Latn-run_Latn	6.18	24.94	1.015
bel_Cyrl-ace_Latn	6.01	29.71	0.980
nso_Latn-ace_Latn	9.26	32.62	0.906
mal_Mlym-tso_Latn	16.17	43.09	1.157
tat_Cyrl-por_Latn	30.81	50.62	0.965
pes_Arab-kik_Latn	10.42	31.68	0.929
pes_Arab-snd_Arab	22.39	39.57	1.031
isl_Latn-tsn_Latn	18.45	42.12	0.965
ace_Latn-lin_Latn	16.26	40.87	0.993
oci_Latn-bul_Cyrl	41.59	59.76	1.030
kin_Latn-urd_Arab	19.46	37.45	0.933
tat_Cyrl-kor_Hang	19.23	27.39	0.948
oci_Latn-wol_Latn	7.33	28.37	1.287
isl_Latn-arb_Arab	26.44	42.05	0.925
twi_Latn-bul_Cyrl	21.87	39.59	0.974
rus_Cyrl-snd_Arab	20.71	37.91	1.044
rus_Cyrl-kik_Latn	10.83	32.40	0.936
jpn_Jpan-tam_Taml	24.00	42.60	0.952
twi_Latn-wol_Latn	6.23	25.08	1.168
cjk_Latn-fuv_Latn	2.36	17.01	1.133
bul_Cyrl-cym_Latn	40.01	56.40	0.996
isl_Latn-twi_Latn	11.69	33.83	0.986
fra_Latn-tir_Ethi	14.89	23.16	1.000
lvs_Latn-urd_Arab	22.00	40.37	0.953
kon_Latn-kea_Latn	7.20	23.97	0.778
lin_Latn-tat_Cyrl	18.40	35.92	0.941
fin_Latn-oci_Latn	25.81	46.29	0.932
tso_Latn-zho_Hans	17.43	16.26	0.793
eng_Latn-pes_Arab	35.30	50.73	0.973
fon_Latn-afr_Latn	10.16	30.19	0.927
hin_Deva-luo_Latn	12.20	36.20	0.979
sin_Sinh-ast_Latn	21.49	44.91	1.004
kor_Hang-ace_Latn	7.12	30.35	0.933
kin_Latn-tsn_Latn	19.93	43.32	0.958
tel_Telu-afr_Latn	29.70	52.08	0.964
kik_Latn-run_Latn	11.09	32.17	1.040
isl_Latn-urd_Arab	19.53	37.29	0.937
zho_Hans-ayr_Latn	5.99	29.24	1.154
yor_Latn-pes_Arab	16.85	33.66	0.924
hau_Latn-fuv_Latn	4.47	22.00	1.059
tam_Taml-pes_Arab	25.02	41.96	0.966
kin_Latn-arb_Arab	24.90	40.40	0.926
fuv_Latn-tat_Cyrl	9.82	25.05	1.009
arb_Arab-pes_Arab	28.15	45.00	0.988
luo_Latn-ewe_Latn	10.59	30.26	0.910
lvs_Latn-twi_Latn	11.13	33.86	0.989
ewe_Latn-tam_Taml	14.71	32.38	0.865
vie_Latn-kon_Latn	17.02	42.91	0.995
tat_Cyrl-eus_Latn	20.11	42.24	0.927
afr_Latn-fra_Latn	45.94	63.05	1.032
tat_Cyrl-hau_Latn	16.16	39.81	0.960
tel_Telu-eng_Latn	35.49	61.82	1.268
nso_Latn-mal_Mlym	22.48	37.45	0.922
twi_Latn-ewe_Latn	12.28	33.31	0.997
bel_Cyrl-mal_Mlym	22.27	37.44	1.002
tam_Taml-kin_Latn	18.20	42.29	1.020
fuv_Latn-twi_Latn	6.74	25.81	1.032
arb_Arab-kin_Latn	21.15	45.66	1.028
nso_Latn-tel_Telu	23.75	38.97	0.916
bel_Cyrl-tel_Telu	21.95	37.23	0.951
ace_Latn-yor_Latn	10.26	23.74	1.067
yor_Latn-kin_Latn	14.75	36.68	0.970
tel_Telu-hin_Deva	30.72	48.42	0.935
sin_Sinh-nso_Latn	17.29	42.48	1.016
lin_Latn-urd_Arab	16.49	33.43	0.899
lvs_Latn-tat_Cyrl	26.66	44.55	1.000
snd_Arab-mar_Deva	24.21	42.97	0.969
vie_Latn-lin_Latn	18.46	45.60	1.051
mal_Mlym-fon_Latn	4.69	19.39	1.089
sin_Sinh-rus_Cyrl	28.45	45.61	0.974
fin_Latn-zho_Hans	19.52	18.39	0.764
urd_Arab-mar_Deva	22.52	40.78	0.954
tso_Latn-oci_Latn	21.93	40.41	0.886
jpn_Jpan-run_Latn	14.20	36.22	0.982
fra_Latn-cym_Latn	41.98	57.75	1.007
ast_Latn-fon_Latn	4.72	17.90	1.153
luo_Latn-wol_Latn	6.16	23.99	1.092
fuv_Latn-urd_Arab	8.54	24.69	1.072
luo_Latn-bul_Cyrl	19.21	36.65	0.913
bul_Cyrl-tir_Ethi	14.45	22.93	1.015
ewe_Latn-run_Latn	10.92	31.45	0.972
isl_Latn-tat_Cyrl	22.02	39.62	0.972
mar_Deva-ita_Latn	26.64	48.00	0.934
snd_Arab-ita_Latn	26.44	48.04	0.951
vie_Latn-yue_Hant	12.48	15.21	0.835
kon_Latn-kor_Hang	9.87	17.85	0.981
lin_Latn-twi_Latn	11.57	33.36	0.956
yue_Hant-tsn_Latn	16.70	40.50	0.943
fon_Latn-hin_Deva	10.63	24.90	0.872
kik_Latn-tam_Taml	15.66	31.71	0.929
urd_Arab-ita_Latn	26.46	47.97	0.936
ita_Latn-sin_Sinh	28.31	36.75	0.890
eng_Latn-kin_Latn	26.45	49.68	1.013
kon_Latn-por_Latn	20.84	38.86	0.919
fon_Latn-eng_Latn	11.76	33.06	1.210
cym_Latn-ace_Latn	10.34	34.78	0.958
tsn_Latn-arb_Arab	22.60	37.77	0.921
yue_Hant-arb_Arab	24.61	40.46	0.910
mal_Mlym-ast_Latn	22.89	46.01	1.005
ita_Latn-urd_Arab	22.50	40.90	0.984
eus_Latn-fra_Latn	34.50	53.48	1.019
kik_Latn-bul_Cyrl	21.69	39.44	0.983
tat_Cyrl-tel_Telu	24.60	39.98	0.886
kik_Latn-wol_Latn	5.60	23.87	1.266
mar_Deva-tsn_Latn	19.16	43.19	0.958
tso_Latn-vie_Latn	27.52	44.79	0.939
kor_Hang-kea_Latn	12.12	32.97	0.883
tat_Cyrl-mal_Mlym	24.69	38.48	0.888
vie_Latn-lvs_Latn	25.22	46.01	0.969
bel_Cyrl-hau_Latn	14.52	40.44	1.065
mar_Deva-arb_Arab	30.06	45.30	0.931
nso_Latn-hau_Latn	19.01	41.66	0.982
wol_Latn-swh_Latn	15.57	37.47	0.963
fuv_Latn-sin_Sinh	12.97	22.29	0.964
urd_Arab-tsn_Latn	19.09	42.89	0.955
snd_Arab-arb_Arab	30.32	45.90	0.951
luo_Latn-tam_Taml	14.16	29.99	0.785
kea_Latn-kin_Latn	19.82	43.12	1.029
snd_Arab-tsn_Latn	19.74	43.50	0.959
zho_Hans-cym_Latn	29.45	48.13	1.044
urd_Arab-arb_Arab	29.87	45.65	0.941
tsn_Latn-ita_Latn	21.21	41.22	0.929
yue_Hant-ita_Latn	23.37	44.73	0.909
twi_Latn-run_Latn	12.33	34.05	1.062
ita_Latn-twi_Latn	12.02	34.98	1.024
swh_Latn-kin_Latn	18.53	42.96	1.047
run_Latn-bel_Cyrl	17.16	32.36	0.888
oci_Latn-fuv_Latn	3.49	21.33	1.209
run_Latn-jpn_Jpan	10.21	17.94	1.022
ace_Latn-afr_Latn	21.86	43.43	0.948
lin_Latn-sin_Sinh	19.06	28.68	0.760
vie_Latn-cjk_Latn	3.29	23.35	0.985
kon_Latn-ace_Latn	6.67	28.46	0.898
cym_Latn-por_Latn	44.26	61.82	0.990
bul_Cyrl-ayr_Latn	6.02	29.77	1.140
tsn_Latn-mar_Deva	15.43	31.71	0.905
yue_Hant-mar_Deva	17.51	35.11	0.907
tir_Ethi-fra_Latn	24.69	45.12	1.051
jpn_Jpan-ewe_Latn	11.54	32.76	0.973
cym_Latn-kor_Hang	23.48	31.69	0.994
wol_Latn-fin_Latn	12.88	32.68	1.004
por_Latn-kin_Latn	23.63	46.99	1.012
fin_Latn-vie_Latn	33.68	52.11	0.993
ayr_Latn-fra_Latn	13.54	29.72	1.005
swh_Latn-pes_Arab	26.64	43.03	0.961
ace_Latn-hin_Deva	20.77	36.97	0.932
kik_Latn-ewe_Latn	9.81	28.83	0.985
tel_Telu-yor_Latn	9.94	24.41	1.066
ast_Latn-rus_Cyrl	31.79	48.56	0.960
ita_Latn-tat_Cyrl	25.98	44.10	1.015
run_Latn-fin_Latn	18.82	39.59	0.986
ace_Latn-eng_Latn	30.35	51.29	1.087
luo_Latn-run_Latn	11.26	31.63	0.944
ast_Latn-nso_Latn	22.87	46.50	0.974
ewe_Latn-wol_Latn	6.04	23.92	1.068
kin_Latn-ita_Latn	23.37	43.74	0.930
ewe_Latn-bul_Cyrl	17.19	34.78	0.908
fra_Latn-ayr_Latn	6.89	30.58	1.122
isl_Latn-sin_Sinh	22.66	31.62	0.819
wol_Latn-jpn_Jpan	9.78	14.64	0.997
fin_Latn-tso_Latn	18.34	44.40	1.065
wol_Latn-bel_Cyrl	12.57	27.30	0.898
por_Latn-pes_Arab	29.63	45.67	0.985
hin_Deva-snd_Arab	26.12	42.50	1.021
hin_Deva-kik_Latn	10.57	32.02	0.939
cym_Latn-kea_Latn	18.80	39.21	0.905
kin_Latn-mar_Deva	17.77	35.44	0.919
lvs_Latn-sin_Sinh	25.25	34.14	0.844
kor_Hang-por_Latn	28.65	49.42	0.981
run_Latn-swh_Latn	19.37	42.40	0.934
nso_Latn-eus_Latn	20.21	41.60	0.966
mal_Mlym-nso_Latn	18.68	43.89	1.015
bel_Cyrl-eus_Latn	17.22	40.59	1.024
kea_Latn-pes_Arab	28.34	44.50	0.981
vie_Latn-isl_Latn	24.59	42.66	1.029
zho_Hans-tir_Ethi	11.48	20.66	1.082
fon_Latn-yor_Latn	6.71	19.44	1.064
jpn_Jpan-wol_Latn	5.48	24.53	1.141
sin_Sinh-fon_Latn	4.17	18.91	1.091
twi_Latn-tam_Taml	18.65	36.32	0.945
jpn_Jpan-bul_Cyrl	29.00	47.73	0.990
mal_Mlym-rus_Cyrl	30.03	46.97	0.999
rus_Cyrl-luo_Latn	11.21	35.17	0.983
cym_Latn-hau_Latn	25.96	49.38	1.028
kin_Latn-sin_Sinh	23.57	33.18	0.855
lvs_Latn-mar_Deva	19.64	37.33	0.938
snd_Arab-tat_Cyrl	25.15	43.42	0.999
kon_Latn-mal_Mlym	14.23	27.43	0.857
oci_Latn-tam_Taml	31.38	50.29	1.014
tir_Ethi-pes_Arab	19.27	36.43	0.922
kon_Latn-tel_Telu	14.62	26.86	0.795
vie_Latn-afr_Latn	28.27	50.75	0.980
urd_Arab-tat_Cyrl	24.28	42.68	0.989
pes_Arab-luo_Latn	11.85	35.76	0.951
run_Latn-ayr_Latn	5.36	27.87	1.113
ast_Latn-oci_Latn	31.62	51.07	0.920
ace_Latn-cjk_Latn	3.31	22.47	0.972
bul_Cyrl-jpn_Jpan	15.83	23.05	0.955
ayr_Latn-kin_Latn	8.83	27.95	0.968
cjk_Latn-ewe_Latn	6.40	24.87	1.007
bul_Cyrl-bel_Cyrl	25.67	40.88	0.905
tel_Telu-kon_Latn	15.31	42.08	1.037
fra_Latn-fin_Latn	29.69	49.96	1.015
mar_Deva-tat_Cyrl	24.99	43.25	0.995
isl_Latn-ita_Latn	26.65	46.79	0.923
fon_Latn-kon_Latn	9.59	33.83	0.932
lvs_Latn-ita_Latn	28.99	49.96	0.955
kor_Hang-eus_Latn	19.08	41.34	0.928
ace_Latn-lvs_Latn	17.56	37.35	0.960
fra_Latn-swh_Latn	26.93	50.11	0.971
mal_Mlym-oci_Latn	25.26	45.62	0.933
eus_Latn-pes_Arab	19.87	36.88	0.962
nso_Latn-kor_Hang	12.36	23.83	1.067
bel_Cyrl-kor_Hang	16.23	24.26	1.013
tso_Latn-fon_Latn	5.88	20.96	0.984
isl_Latn-mar_Deva	18.55	35.55	0.921
bel_Cyrl-por_Latn	23.92	46.39	1.024
luo_Latn-fuv_Latn	4.06	20.13	0.982
nso_Latn-por_Latn	32.45	50.68	0.969
tat_Cyrl-ace_Latn	7.70	31.75	0.910
hau_Latn-ewe_Latn	13.46	35.00	1.014
kea_Latn-fra_Latn	41.13	57.91	0.997
fon_Latn-lin_Latn	10.10	33.68	0.970
snd_Arab-urd_Arab	26.47	45.25	0.967
lin_Latn-mar_Deva	15.70	32.42	0.883
ast_Latn-zho_Hans	23.93	20.78	0.870
sin_Sinh-vie_Latn	31.58	50.38	0.972
bul_Cyrl-swh_Latn	26.81	50.71	0.979
bel_Cyrl-kea_Latn	12.09	34.12	0.966
cjk_Latn-bul_Cyrl	10.90	27.10	0.956
nso_Latn-kea_Latn	10.53	28.32	0.825
cjk_Latn-wol_Latn	3.72	19.96	1.202
twi_Latn-fuv_Latn	4.23	21.21	1.076
tsn_Latn-sin_Sinh	19.06	28.15	0.767
yue_Hant-sin_Sinh	21.40	30.45	0.777
ita_Latn-arb_Arab	31.08	46.15	0.986
ace_Latn-isl_Latn	19.93	36.59	0.985
sin_Sinh-tso_Latn	14.68	41.91	1.213
eus_Latn-kin_Latn	18.90	42.55	1.009
oci_Latn-run_Latn	18.27	41.38	1.036
mar_Deva-urd_Arab	24.54	43.00	0.949
kor_Hang-hau_Latn	18.38	42.94	1.019
fuv_Latn-ita_Latn	10.50	28.95	0.991
tel_Telu-yue_Hant	12.39	14.68	0.836
ita_Latn-tsn_Latn	19.17	43.66	1.018
lin_Latn-ita_Latn	21.83	41.48	0.915
vie_Latn-hin_Deva	26.77	44.97	0.957
snd_Arab-twi_Latn	11.06	33.51	1.033
fon_Latn-yue_Hant	5.74	8.02	0.846
vie_Latn-eng_Latn	38.86	61.20	1.088
por_Latn-fra_Latn	46.68	63.55	1.023
urd_Arab-twi_Latn	11.28	33.69	0.984
tir_Ethi-kin_Latn	14.92	37.85	0.992
fin_Latn-fon_Latn	4.78	20.03	1.060
swh_Latn-fra_Latn	37.36	54.90	1.004
ayr_Latn-pes_Arab	9.45	23.59	0.939
fra_Latn-jpn_Jpan	16.96	24.62	1.000
wol_Latn-ayr_Latn	5.58	27.25	1.096
mal_Mlym-zho_Hans	21.50	18.77	0.844
hau_Latn-wol_Latn	7.15	26.60	1.162
hau_Latn-bul_Cyrl	28.17	46.25	0.985
bul_Cyrl-fin_Latn	28.17	48.87	0.997
mar_Deva-twi_Latn	11.48	34.27	0.983
fuv_Latn-mar_Deva	9.26	23.46	0.995
tel_Telu-lin_Latn	16.74	44.28	1.040
cym_Latn-eus_Latn	25.86	47.75	1.014
fra_Latn-bel_Cyrl	24.96	40.22	0.913
luo_Latn-ita_Latn	17.17	36.58	0.907
hin_Deva-tel_Telu	32.47	47.68	0.958
hau_Latn-twi_Latn	12.15	34.16	0.988
kik_Latn-tsn_Latn	12.85	33.90	0.941
kin_Latn-run_Latn	17.21	39.78	1.017
mar_Deva-wol_Latn	6.49	26.82	1.164
mar_Deva-bul_Cyrl	34.77	52.84	0.984
yue_Hant-tam_Taml	23.36	41.87	0.927
tsn_Latn-tam_Taml	20.60	38.57	0.932
fra_Latn-yor_Latn	9.09	24.46	1.126
hin_Deva-mal_Mlym	31.52	45.92	0.976
run_Latn-kon_Latn	14.43	41.23	0.987
cjk_Latn-urd_Arab	5.82	20.17	1.168
kik_Latn-arb_Arab	18.35	33.28	0.947
tir_Ethi-tso_Latn	14.04	39.52	1.077
zho_Hans-afr_Latn	23.53	47.10	0.998
urd_Arab-bul_Cyrl	33.89	52.18	0.984
urd_Arab-wol_Latn	6.00	25.99	1.155
wol_Latn-lin_Latn	13.90	38.07	1.003
eng_Latn-rus_Cyrl	42.42	57.60	0.967
tir_Ethi-vie_Latn	24.77	43.71	0.940
snd_Arab-wol_Latn	6.11	26.34	1.212
snd_Arab-bul_Cyrl	33.95	52.40	0.991
rus_Cyrl-hau_Latn	19.21	43.71	1.013
eng_Latn-nso_Latn	25.95	50.37	1.032
tel_Telu-ayr_Latn	6.17	29.83	1.205
lvs_Latn-fuv_Latn	3.59	21.43	1.080
yor_Latn-rus_Cyrl	18.64	35.58	0.941
ace_Latn-cym_Latn	27.85	43.89	0.985
hau_Latn-urd_Arab	18.29	35.59	0.987
arb_Arab-rus_Cyrl	32.88	49.83	0.996
fon_Latn-ayr_Latn	4.19	25.31	1.103
isl_Latn-fuv_Latn	4.24	21.55	1.072
tam_Taml-rus_Cyrl	27.38	45.04	1.017
luo_Latn-mar_Deva	10.97	25.50	0.797
tam_Taml-nso_Latn	18.38	43.62	1.026
tso_Latn-fra_Latn	27.54	45.78	1.015
arb_Arab-nso_Latn	20.14	45.82	1.039
cjk_Latn-twi_Latn	5.37	24.13	1.002
yor_Latn-nso_Latn	15.99	38.76	0.948
eus_Latn-vie_Latn	31.06	49.72	0.979
pes_Arab-kea_Latn	15.50	36.65	0.893
afr_Latn-oci_Latn	34.71	53.76	0.945
sin_Sinh-kin_Latn	17.47	41.57	1.023
wol_Latn-yue_Hant	7.87	10.20	0.860
eus_Latn-tso_Latn	17.49	43.13	1.055
mar_Deva-ewe_Latn	13.42	35.28	0.983
ewe_Latn-arb_Arab	15.49	30.61	0.859
run_Latn-yue_Hant	9.52	13.08	0.806
cjk_Latn-tat_Cyrl	7.91	22.60	0.973
twi_Latn-mar_Deva	14.48	30.22	0.919
ewe_Latn-tsn_Latn	13.04	35.55	0.891
ace_Latn-tir_Ethi	12.02	19.06	0.987
sin_Sinh-pes_Arab	20.64	37.75	0.971
yue_Hant-run_Latn	13.89	35.77	0.955
tsn_Latn-run_Latn	14.20	36.54	1.059
urd_Arab-ewe_Latn	12.94	34.60	0.981
pes_Arab-kor_Hang	21.08	29.53	0.972
tat_Cyrl-kik_Latn	9.06	30.24	0.884
tat_Cyrl-snd_Arab	19.23	35.15	1.008
pes_Arab-por_Latn	34.28	54.34	0.992
tam_Taml-ast_Latn	20.68	43.91	1.016
kin_Latn-tam_Taml	23.41	41.92	0.932
lin_Latn-fuv_Latn	4.67	21.88	1.032
arb_Arab-ast_Latn	24.87	49.58	1.044
snd_Arab-ewe_Latn	13.16	34.91	1.008
oci_Latn-sin_Sinh	34.56	42.84	0.994
yor_Latn-ast_Latn	14.85	35.87	0.988
kea_Latn-fon_Latn	4.99	19.43	1.128
hau_Latn-tat_Cyrl	19.65	37.22	0.972
rus_Cyrl-eus_Latn	21.86	44.15	0.962
nso_Latn-luo_Latn	13.00	35.77	0.971
bel_Cyrl-luo_Latn	9.21	33.44	0.996
twi_Latn-ita_Latn	18.16	37.69	0.930
bul_Cyrl-yor_Latn	8.59	23.93	1.140
eng_Latn-ast_Latn	35.02	57.23	1.001
fin_Latn-fra_Latn	37.89	56.43	1.014
run_Latn-lin_Latn	16.42	42.43	0.997
swh_Latn-fon_Latn	5.79	21.31	1.036
ayr_Latn-vie_Latn	13.09	28.51	0.928
afr_Latn-zho_Hans	23.30	20.68	0.810
wol_Latn-kon_Latn	12.89	37.22	0.969
zho_Hans-eng_Latn	32.07	56.23	1.069
ayr_Latn-tso_Latn	8.72	29.79	1.014
por_Latn-fon_Latn	5.57	20.68	1.050
jpn_Jpan-arb_Arab	25.31	40.80	0.941
zho_Hans-hin_Deva	23.64	41.89	0.969
jpn_Jpan-tsn_Latn	15.98	39.78	0.946
jpn_Jpan-twi_Latn	9.57	31.03	0.955
vie_Latn-cym_Latn	36.28	53.24	1.012
afr_Latn-ast_Latn	29.10	52.19	1.020
fon_Latn-jpn_Jpan	6.99	11.66	0.977
fon_Latn-bel_Cyrl	8.82	23.22	0.853
isl_Latn-tam_Taml	23.56	41.75	0.943
pes_Arab-eus_Latn	22.09	44.26	0.936
fra_Latn-yue_Hant	12.94	15.41	0.833
ewe_Latn-urd_Arab	12.67	28.65	0.869
oci_Latn-ita_Latn	34.18	54.71	0.976
zho_Hans-lvs_Latn	21.28	42.28	0.993
fuv_Latn-run_Latn	7.39	27.43	1.090
ita_Latn-ewe_Latn	13.74	35.93	1.027
tso_Latn-pes_Arab	20.52	36.86	0.932
eng_Latn-zho_Hans	27.87	23.62	0.815
eus_Latn-fon_Latn	5.16	19.57	1.090
kik_Latn-tat_Cyrl	15.20	32.19	1.013
jpn_Jpan-urd_Arab	19.89	37.94	0.954
rus_Cyrl-kor_Hang	21.56	29.55	0.972
twi_Latn-sin_Sinh	18.57	27.30	0.810
yue_Hant-fuv_Latn	3.23	20.62	1.104
tsn_Latn-fuv_Latn	4.56	21.86	1.047
tir_Ethi-fon_Latn	4.30	18.12	1.025
wol_Latn-yor_Latn	8.62	22.40	1.137
lin_Latn-run_Latn	14.94	36.70	0.980
yor_Latn-zho_Hans	14.75	14.53	0.853
rus_Cyrl-por_Latn	34.71	54.33	0.999
tam_Taml-zho_Hans	20.09	17.99	0.847
arb_Arab-zho_Hans	21.71	18.93	0.822
lvs_Latn-tam_Taml	26.16	44.71	0.962
tel_Telu-bel_Cyrl	22.05	37.34	0.886
ewe_Latn-twi_Latn	9.77	30.88	0.921
bul_Cyrl-kon_Latn	15.92	42.92	1.013
fra_Latn-lin_Latn	19.26	46.37	1.030
oci_Latn-mar_Deva	25.04	43.88	1.014
zho_Hans-cjk_Latn	2.23	21.27	1.062
fin_Latn-kin_Latn	18.14	42.81	1.050
hin_Deva-ace_Latn	7.94	32.65	0.908
tel_Telu-jpn_Jpan	16.30	22.87	0.957
kor_Hang-luo_Latn	10.92	34.39	0.977
swh_Latn-tso_Latn	22.03	46.62	1.018
rus_Cyrl-kea_Latn	13.97	35.22	0.898
por_Latn-vie_Latn	39.30	56.50	0.999
fuv_Latn-tam_Taml	11.55	28.57	1.017
luo_Latn-sin_Sinh	11.71	20.49	0.613
cjk_Latn-tsn_Latn	8.04	28.93	0.916
tel_Telu-fin_Latn	23.80	45.69	1.072
bul_Cyrl-lin_Latn	17.93	45.79	1.027
fra_Latn-kon_Latn	16.64	43.71	1.008
ewe_Latn-tat_Cyrl	13.20	29.90	0.925
run_Latn-yor_Latn	6.79	21.94	1.132
isl_Latn-run_Latn	15.12	37.53	1.046
kon_Latn-snd_Arab	12.86	26.81	0.984
kon_Latn-kik_Latn	8.34	28.68	0.840
kik_Latn-urd_Arab	12.74	29.41	1.050
cjk_Latn-arb_Arab	9.63	22.97	0.865
eng_Latn-oci_Latn	41.27	59.42	0.929
fin_Latn-pes_Arab	24.12	41.04	0.999
por_Latn-tso_Latn	21.33	46.85	1.054
ita_Latn-bul_Cyrl	35.99	54.81	1.036
swh_Latn-vie_Latn	35.32	52.67	0.967
fon_Latn-swh_Latn	9.84	31.01	0.892
ita_Latn-wol_Latn	7.08	27.54	1.188
ayr_Latn-fon_Latn	3.64	15.90	1.104
sin_Sinh-fra_Latn	32.26	52.88	1.084
cym_Latn-luo_Latn	13.79	37.02	0.988
jpn_Jpan-tat_Cyrl	22.87	40.80	1.002
tel_Telu-swh_Latn	26.55	49.95	0.947
tam_Taml-oci_Latn	23.92	44.27	0.944
fon_Latn-fin_Latn	8.91	27.79	0.940
arb_Arab-oci_Latn	29.06	49.59	0.973
zho_Hans-isl_Latn	22.60	41.12	1.032
vie_Latn-tir_Ethi	13.71	22.12	1.031
yor_Latn-oci_Latn	16.53	34.98	0.907
pes_Arab-hau_Latn	21.66	45.97	1.003
kea_Latn-vie_Latn	37.35	54.37	0.998
lvs_Latn-run_Latn	14.67	37.68	1.043
hau_Latn-arb_Arab	25.10	40.42	0.956
afr_Latn-nso_Latn	24.11	48.76	1.026
lin_Latn-tam_Taml	20.08	38.12	0.881
kin_Latn-fuv_Latn	4.46	21.96	1.053
bul_Cyrl-yue_Hant	12.33	14.82	0.822
kea_Latn-tso_Latn	19.86	44.84	1.049
hau_Latn-tsn_Latn	18.75	42.14	0.960
kik_Latn-twi_Latn	5.46	22.13	1.002
afr_Latn-rus_Cyrl	36.27	52.65	0.980
tso_Latn-kin_Latn	15.92	39.23	1.020
tir_Ethi-rus_Cyrl	21.15	38.69	0.955
eng_Latn-vie_Latn	45.01	61.19	0.988
ayr_Latn-ast_Latn	9.36	26.72	0.944
swh_Latn-oci_Latn	27.49	46.74	0.922
lin_Latn-bul_Cyrl	24.47	42.49	0.957
lin_Latn-wol_Latn	7.85	26.95	1.092
lvs_Latn-ewe_Latn	12.72	34.49	1.020
bul_Cyrl-lvs_Latn	29.41	49.92	0.962
tir_Ethi-nso_Latn	15.66	39.64	0.981
hau_Latn-ita_Latn	23.10	43.47	0.952
luo_Latn-twi_Latn	9.42	29.74	0.898
fra_Latn-isl_Latn	28.65	46.42	1.029
cym_Latn-snd_Arab	23.93	41.14	1.033
cym_Latn-kik_Latn	9.93	29.40	1.005
eng_Latn-tso_Latn	26.48	50.58	1.022
twi_Latn-tat_Cyrl	16.54	33.36	0.963
hin_Deva-kea_Latn	14.47	35.67	0.887
cjk_Latn-mar_Deva	7.49	20.23	0.902
por_Latn-oci_Latn	35.98	55.11	0.953
kik_Latn-sin_Sinh	11.79	19.46	0.720
ita_Latn-tam_Taml	27.32	45.77	0.991
pes_Arab-mal_Mlym	29.57	44.52	0.985
wol_Latn-hin_Deva	15.25	30.78	0.918
kon_Latn-luo_Latn	8.98	31.11	0.936
tam_Taml-tso_Latn	16.41	43.24	1.145
pes_Arab-tel_Telu	29.06	45.14	0.973
arb_Arab-tso_Latn	18.96	45.45	1.079
bul_Cyrl-cjk_Latn	2.90	23.22	0.978
wol_Latn-eng_Latn	18.52	40.35	1.174
zho_Hans-kon_Latn	14.03	40.27	1.029
yor_Latn-tso_Latn	14.62	38.00	1.054
isl_Latn-ewe_Latn	13.18	34.69	1.009
run_Latn-afr_Latn	19.84	41.84	0.966
ace_Latn-jpn_Jpan	12.64	18.18	0.979
tam_Taml-vie_Latn	31.33	50.23	0.988
vie_Latn-ayr_Latn	6.82	30.06	1.117
arb_Arab-vie_Latn	35.45	54.22	1.012
luo_Latn-urd_Arab	11.29	25.98	0.899
fuv_Latn-bul_Cyrl	11.88	29.42	1.036
fuv_Latn-wol_Latn	4.25	21.30	1.239
yor_Latn-vie_Latn	21.72	39.66	0.938
eus_Latn-nso_Latn	17.97	42.87	1.022
kea_Latn-oci_Latn	32.57	52.00	0.958
hau_Latn-mar_Deva	17.51	34.55	0.934
cjk_Latn-ita_Latn	9.81	27.48	0.943
eus_Latn-rus_Cyrl	28.66	45.72	0.966
ace_Latn-bel_Cyrl	16.55	31.43	0.879
kor_Hang-kik_Latn	8.69	29.67	0.943
kor_Hang-snd_Arab	18.86	35.53	1.035
swh_Latn-zho_Hans	19.57	18.25	0.778
urd_Arab-fuv_Latn	3.50	21.29	1.097
eus_Latn-ast_Latn	24.10	47.27	1.004
mal_Mlym-fra_Latn	35.18	54.77	1.049
snd_Arab-fuv_Latn	3.25	21.00	1.162
lvs_Latn-wol_Latn	6.28	26.31	1.147
fra_Latn-cjk_Latn	3.52	24.03	0.967
zho_Hans-lin_Latn	15.27	42.98	1.055
lvs_Latn-bul_Cyrl	36.92	54.96	1.008
lin_Latn-ewe_Latn	12.82	33.84	0.947
wol_Latn-afr_Latn	15.20	35.95	0.959
run_Latn-eng_Latn	21.79	47.33	1.284
mar_Deva-fuv_Latn	4.02	21.99	1.086
jpn_Jpan-sin_Sinh	24.23	32.56	0.828
run_Latn-hin_Deva	19.61	36.51	0.902
por_Latn-zho_Hans	21.27	19.45	0.769
afr_Latn-fon_Latn	5.04	19.80	1.104
twi_Latn-urd_Arab	15.30	31.64	0.936
ace_Latn-fin_Latn	17.93	38.24	0.959
rus_Cyrl-ace_Latn	8.21	32.57	0.945
zho_Hans-yue_Hant	18.12	17.62	0.884
ace_Latn-swh_Latn	22.13	44.04	0.932
fra_Latn-lvs_Latn	28.94	49.41	0.980
ewe_Latn-sin_Sinh	13.72	23.13	0.701
oci_Latn-arb_Arab	37.13	51.58	0.986
bul_Cyrl-isl_Latn	25.26	43.44	1.021
hin_Deva-por_Latn	34.90	54.59	0.978
luo_Latn-tat_Cyrl	13.55	29.70	0.915
kea_Latn-zho_Hans	24.30	21.21	0.884
fuv_Latn-ewe_Latn	7.06	26.24	1.027
isl_Latn-wol_Latn	6.84	26.13	1.144
isl_Latn-bul_Cyrl	31.69	49.59	0.970
ayr_Latn-nso_Latn	8.74	29.17	0.925
ayr_Latn-rus_Cyrl	11.07	25.69	0.935
ast_Latn-fra_Latn	42.40	59.36	0.966
oci_Latn-tsn_Latn	23.43	46.45	0.986
ita_Latn-run_Latn	16.31	39.64	1.062
hin_Deva-kor_Hang	22.14	30.34	0.963
tir_Ethi-ast_Latn	14.66	36.49	1.012
fra_Latn-hin_Deva	30.34	48.07	0.953
tam_Taml-fon_Latn	4.53	19.15	1.104
twi_Latn-tsn_Latn	15.32	38.38	0.954
ewe_Latn-mar_Deva	11.63	27.19	0.843
arb_Arab-fon_Latn	4.89	19.96	1.072
kea_Latn-ast_Latn	26.80	50.07	1.026
yor_Latn-fon_Latn	4.29	17.54	1.081
oci_Latn-twi_Latn	11.61	34.46	1.088
twi_Latn-arb_Arab	19.58	34.77	0.918
tir_Ethi-zho_Hans	17.69	15.75	0.866
fra_Latn-eng_Latn	43.12	66.32	1.151
ita_Latn-fuv_Latn	4.19	22.31	1.107
bul_Cyrl-afr_Latn	30.83	53.76	0.974
ace_Latn-ayr_Latn	5.60	28.01	1.133
pes_Arab-ace_Latn	7.88	32.44	0.920
vie_Latn-jpn_Jpan	15.50	22.55	0.971
mal_Mlym-kin_Latn	18.99	42.69	0.993
jpn_Jpan-ita_Latn	24.39	45.86	0.942
run_Latn-cjk_Latn	3.10	22.74	0.949
bel_Cyrl-snd_Arab	15.76	33.25	1.079
bel_Cyrl-kik_Latn	8.88	30.98	0.952
fon_Latn-cym_Latn	13.23	29.46	0.983
nso_Latn-snd_Arab	20.45	36.28	1.006
nso_Latn-kik_Latn	11.63	32.47	0.895
vie_Latn-bel_Cyrl	21.99	37.50	0.917
mar_Deva-run_Latn	15.03	37.65	1.012
ewe_Latn-ita_Latn	14.96	34.21	0.883
kin_Latn-wol_Latn	7.38	26.98	1.123
oci_Latn-urd_Arab	25.19	44.87	1.018
kin_Latn-bul_Cyrl	28.91	47.11	0.976
tat_Cyrl-luo_Latn	9.74	32.93	0.955
ast_Latn-kin_Latn	21.75	44.79	0.946
tel_Telu-cym_Latn	37.04	53.49	0.986
por_Latn-ast_Latn	30.54	53.58	1.019
tsn_Latn-ewe_Latn	13.66	34.64	0.997
yue_Hant-ewe_Latn	11.82	33.14	0.973
wol_Latn-isl_Latn	14.39	31.01	1.000
urd_Arab-run_Latn	15.06	37.41	0.999
run_Latn-lvs_Latn	17.68	37.85	0.972
eng_Latn-fon_Latn	6.32	22.06	1.067
eus_Latn-zho_Hans	18.83	17.45	0.771
jpn_Jpan-mar_Deva	18.79	36.26	0.943
swh_Latn-ast_Latn	24.70	47.25	1.002
ayr_Latn-oci_Latn	9.94	26.06	0.835
hin_Deva-eus_Latn	21.80	44.09	0.945
snd_Arab-run_Latn	15.44	38.10	1.021
tel_Telu-tir_Ethi	14.82	22.91	1.012
swh_Latn-nso_Latn	21.38	46.14	1.021
hin_Deva-hau_Latn	22.82	46.70	0.989
swh_Latn-rus_Cyrl	30.57	47.26	0.967
ast_Latn-pes_Arab	27.12	43.95	0.958
kik_Latn-mar_Deva	12.48	28.10	0.906
vie_Latn-swh_Latn	27.05	50.26	0.983
wol_Latn-lvs_Latn	12.55	31.07	0.952
run_Latn-isl_Latn	19.73	36.77	0.997
tir_Ethi-oci_Latn	17.69	37.53	0.916
por_Latn-rus_Cyrl	36.51	52.71	0.980
rus_Cyrl-mal_Mlym	28.04	43.01	0.970
rus_Cyrl-tel_Telu	28.50	44.10	0.963
hau_Latn-sin_Sinh	21.44	30.66	0.821
por_Latn-nso_Latn	21.43	46.55	1.034
kin_Latn-ewe_Latn	13.65	35.13	0.978
oci_Latn-tat_Cyrl	28.94	47.71	1.032
luo_Latn-arb_Arab	16.00	30.54	0.834
snd_Arab-tam_Taml	29.46	48.33	0.976
bul_Cyrl-hin_Deva	29.29	47.60	0.941
luo_Latn-tsn_Latn	13.56	35.85	0.857
fra_Latn-afr_Latn	33.07	55.20	1.000
wol_Latn-cjk_Latn	2.64	21.22	0.989
afr_Latn-vie_Latn	39.87	56.97	1.000
bul_Cyrl-eng_Latn	38.65	64.15	1.173
urd_Arab-tam_Taml	27.88	46.81	0.962
kik_Latn-ita_Latn	17.06	35.81	0.946
ayr_Latn-zho_Hans	9.41	10.00	0.824
cjk_Latn-sin_Sinh	7.99	15.90	0.671
afr_Latn-tso_Latn	22.57	48.03	1.052
zho_Hans-yor_Latn	10.60	24.72	1.136
eus_Latn-oci_Latn	25.60	46.00	0.939
kea_Latn-nso_Latn	22.07	45.93	1.015
yue_Hant-bul_Cyrl	29.43	47.99	0.974
tsn_Latn-bul_Cyrl	25.74	43.88	0.959
tsn_Latn-wol_Latn	7.25	26.61	1.143
yue_Hant-wol_Latn	5.66	24.72	1.162
mal_Mlym-pes_Arab	25.62	42.44	0.968
kea_Latn-rus_Cyrl	31.71	48.63	0.992
mar_Deva-tam_Taml	29.54	47.84	0.952
fon_Latn-tir_Ethi	6.96	13.85	0.965
vie_Latn-fin_Latn	26.23	46.51	0.987
ace_Latn-fon_Latn	4.82	18.41	1.131
afr_Latn-fin_Latn	31.49	52.12	1.026
isl_Latn-kea_Latn	11.14	30.07	0.851
vie_Latn-tso_Latn	19.56	45.14	1.068
kin_Latn-hau_Latn	19.67	42.84	0.980
cym_Latn-sin_Sinh	32.43	41.00	0.915
ita_Latn-ace_Latn	8.59	32.92	0.933
tam_Taml-ayr_Latn	5.78	29.48	1.197
kea_Latn-tir_Ethi	13.18	21.25	1.024
lin_Latn-por_Latn	26.20	44.96	0.954
fon_Latn-rus_Cyrl	11.64	27.08	0.949
arb_Arab-ayr_Latn	6.34	30.34	1.142
pes_Arab-fuv_Latn	3.62	21.70	1.080
mal_Mlym-yor_Latn	9.74	24.20	1.068
zho_Hans-pes_Arab	22.20	40.08	1.013
yor_Latn-ayr_Latn	5.50	27.78	1.163
rus_Cyrl-run_Latn	15.90	39.00	1.038
fon_Latn-nso_Latn	9.23	30.66	0.941
lin_Latn-kor_Hang	14.43	22.12	0.967
tso_Latn-lvs_Latn	19.32	38.98	0.971
kon_Latn-twi_Latn	8.81	29.70	0.924
swh_Latn-tir_Ethi	12.75	20.70	0.948
fuv_Latn-kor_Hang	8.72	13.95	1.031
eng_Latn-ayr_Latn	7.59	30.80	1.058
tel_Telu-nso_Latn	19.75	44.56	1.017
fin_Latn-isl_Latn	25.67	43.37	1.009
tsn_Latn-eus_Latn	17.72	39.06	0.976
yue_Hant-eus_Latn	18.10	40.15	0.916
tel_Telu-rus_Cyrl	30.10	46.83	0.998
ast_Latn-yor_Latn	11.89	25.51	1.041
fuv_Latn-por_Latn	12.21	30.10	1.018
hin_Deva-ewe_Latn	13.95	35.58	0.988
kik_Latn-snd_Arab	9.51	23.02	1.129
sin_Sinh-eng_Latn	22.33	54.48	1.722
afr_Latn-swh_Latn	30.75	53.77	0.979
por_Latn-tir_Ethi	15.24	23.71	1.013
tso_Latn-cjk_Latn	3.34	22.81	0.915
sin_Sinh-hin_Deva	27.13	45.41	0.933
lvs_Latn-kea_Latn	12.02	32.11	0.868
kon_Latn-urd_Arab	11.52	26.32	0.933
fuv_Latn-kea_Latn	4.77	19.79	0.794
rus_Cyrl-tam_Taml	26.58	45.62	0.963
jpn_Jpan-snd_Arab	18.12	34.66	1.034
jpn_Jpan-kik_Latn	6.55	24.93	0.858
twi_Latn-luo_Latn	10.17	32.06	0.974
bel_Cyrl-ita_Latn	22.32	44.71	0.976
nso_Latn-ita_Latn	25.30	45.14	0.927
swh_Latn-cym_Latn	39.74	55.65	0.981
kor_Hang-sin_Sinh	26.98	35.68	0.924
lvs_Latn-por_Latn	32.33	52.74	1.002
por_Latn-cym_Latn	45.08	60.42	0.991
tel_Telu-ast_Latn	22.47	45.76	1.024
sin_Sinh-afr_Latn	25.96	49.28	0.971
fin_Latn-lvs_Latn	26.21	47.11	0.972
tsn_Latn-hau_Latn	15.16	37.98	0.987
yue_Hant-hau_Latn	18.03	42.02	0.988
lvs_Latn-kor_Hang	20.33	28.68	0.972
isl_Latn-kor_Hang	17.35	25.89	0.990
afr_Latn-bel_Cyrl	24.79	40.06	0.903
tso_Latn-isl_Latn	21.35	38.51	0.977
mar_Deva-mal_Mlym	30.52	44.69	0.964
tat_Cyrl-arb_Arab	27.03	42.55	0.902
hin_Deva-bul_Cyrl	36.33	54.08	0.978
hin_Deva-wol_Latn	6.72	26.90	1.157
nso_Latn-mar_Deva	17.90	35.13	0.916
tat_Cyrl-tsn_Latn	16.77	40.51	0.921
bel_Cyrl-mar_Deva	16.19	33.52	0.956
fon_Latn-ast_Latn	9.37	28.10	0.981
afr_Latn-jpn_Jpan	17.04	24.12	0.968
isl_Latn-por_Latn	30.69	50.04	0.967
mar_Deva-tel_Telu	32.10	47.31	0.958
snd_Arab-tel_Telu	31.63	47.71	0.982
zho_Hans-kin_Latn	16.71	41.05	1.045
urd_Arab-mal_Mlym	30.43	44.87	0.957
kin_Latn-eus_Latn	18.46	40.13	0.958
kon_Latn-tat_Cyrl	13.66	30.18	0.917
urd_Arab-tel_Telu	30.36	46.18	0.963
ewe_Latn-snd_Arab	11.67	26.07	0.986
ewe_Latn-kik_Latn	8.05	27.95	0.852
lin_Latn-kea_Latn	10.84	29.18	0.831
kea_Latn-cym_Latn	41.23	56.58	0.996
snd_Arab-mal_Mlym	32.03	46.63	0.967
fin_Latn-cjk_Latn	2.95	22.90	0.977
eng_Latn-jpn_Jpan	18.71	27.37	1.042
tir_Ethi-cym_Latn	25.13	42.87	0.975
yue_Hant-kea_Latn	12.04	33.22	0.860
tsn_Latn-kea_Latn	9.53	27.40	0.838
nso_Latn-sin_Sinh	20.87	30.44	0.763
bel_Cyrl-sin_Sinh	22.30	31.34	0.854
mal_Mlym-yue_Hant	11.92	14.17	0.829
eng_Latn-bel_Cyrl	28.15	43.03	0.908
ayr_Latn-tir_Ethi	7.27	13.41	0.914
tat_Cyrl-twi_Latn	10.02	32.06	0.942
ast_Latn-lin_Latn	17.84	43.77	1.011
fon_Latn-zho_Hans	9.89	10.50	0.867
fuv_Latn-hau_Latn	8.42	30.44	1.188
kor_Hang-ita_Latn	24.66	46.01	0.936
tso_Latn-afr_Latn	22.12	44.02	0.963
lvs_Latn-eus_Latn	20.97	43.12	0.940
tel_Telu-zho_Hans	22.21	19.39	0.849
vie_Latn-fon_Latn	5.04	19.39	1.129
zho_Hans-fra_Latn	32.28	52.53	1.042
isl_Latn-eus_Latn	19.43	40.99	0.921
lin_Latn-hau_Latn	17.19	39.92	0.949
sin_Sinh-isl_Latn	20.75	39.10	1.041
ace_Latn-tso_Latn	16.38	39.44	1.016
mal_Mlym-lin_Latn	16.66	44.61	1.037
oci_Latn-luo_Latn	14.54	38.41	1.020
ace_Latn-vie_Latn	27.29	44.18	0.954
tat_Cyrl-urd_Arab	20.32	38.16	0.911
tam_Taml-jpn_Jpan	14.63	21.41	0.963
kin_Latn-kor_Hang	16.57	24.76	0.972
arb_Arab-jpn_Jpan	15.27	22.24	0.964
fin_Latn-hin_Deva	25.78	44.03	0.932
ita_Latn-tel_Telu	28.83	44.02	0.987
ast_Latn-yue_Hant	12.36	14.59	0.836
yor_Latn-jpn_Jpan	10.27	15.51	0.977
fin_Latn-eng_Latn	36.69	59.96	1.087
kor_Hang-mar_Deva	19.33	36.46	0.950
ita_Latn-mal_Mlym	27.77	42.70	1.008
yor_Latn-bel_Cyrl	14.55	29.50	0.858
pes_Arab-tam_Taml	27.90	46.88	0.982
tam_Taml-bel_Cyrl	20.96	36.36	0.889
eus_Latn-cym_Latn	32.95	50.11	0.990
arb_Arab-bel_Cyrl	24.31	39.67	0.914
kin_Latn-por_Latn	28.70	47.77	0.971
urd_Arab-ace_Latn	7.36	31.44	0.936
cym_Latn-ita_Latn	32.24	52.62	0.951
snd_Arab-ace_Latn	7.72	32.00	0.956
hau_Latn-snd_Arab	18.75	35.07	1.036
hau_Latn-kik_Latn	10.05	30.24	0.913
afr_Latn-ayr_Latn	7.02	30.69	1.109
mal_Mlym-kon_Latn	14.60	41.97	1.034
eus_Latn-tir_Ethi	13.85	21.94	1.009
kin_Latn-kea_Latn	12.67	31.62	0.866
sin_Sinh-lvs_Latn	22.26	43.13	0.934
mar_Deva-ace_Latn	7.82	32.25	0.900
lin_Latn-eus_Latn	17.65	38.98	0.922
isl_Latn-hau_Latn	17.66	40.93	0.977
eng_Latn-swh_Latn	36.21	58.09	0.974
yor_Latn-fin_Latn	15.12	35.34	0.972
fin_Latn-afr_Latn	27.48	50.77	0.984
arb_Arab-fin_Latn	27.61	48.57	1.012
fon_Latn-oci_Latn	10.26	27.15	0.893
tam_Taml-fin_Latn	22.31	44.37	1.058
yue_Hant-kor_Hang	19.00	27.12	0.951
tsn_Latn-kor_Hang	10.54	21.46	1.070
lvs_Latn-hau_Latn	18.98	43.34	0.987
cym_Latn-mar_Deva	24.85	43.21	0.972
kon_Latn-tsn_Latn	13.47	36.06	0.885
pes_Arab-run_Latn	15.80	38.84	1.034
fuv_Latn-eus_Latn	8.21	27.90	0.988
cjk_Latn-kik_Latn	5.23	24.25	0.918
cjk_Latn-snd_Arab	6.51	19.49	1.095
tel_Telu-oci_Latn	26.40	46.36	0.932
rus_Cyrl-fuv_Latn	3.60	21.42	1.088
kon_Latn-arb_Arab	16.92	31.29	0.855
arb_Arab-swh_Latn	28.28	52.34	0.980
tam_Taml-swh_Latn	24.43	48.69	0.967
yor_Latn-swh_Latn	17.75	40.44	0.924
eng_Latn-fin_Latn	37.64	56.22	0.986
tsn_Latn-por_Latn	26.22	44.85	0.967
yue_Hant-por_Latn	27.84	48.58	0.963
sin_Sinh-cjk_Latn	2.48	22.35	1.016
ast_Latn-kon_Latn	18.25	44.02	0.968
tso_Latn-hin_Deva	21.05	37.40	0.869
ayr_Latn-cym_Latn	13.06	28.26	1.001
tso_Latn-eng_Latn	29.64	52.03	1.117
snd_Arab-por_Latn	35.02	54.57	0.981
kea_Latn-fin_Latn	27.42	47.69	0.999
fon_Latn-vie_Latn	13.22	29.61	0.945
pes_Arab-ewe_Latn	13.67	35.43	0.996
vie_Latn-rus_Cyrl	30.49	47.54	1.006
urd_Arab-kor_Hang	20.08	28.30	0.963
vie_Latn-nso_Latn	20.06	44.97	1.037
urd_Arab-por_Latn	33.05	52.99	0.979
sin_Sinh-lin_Latn	14.97	43.18	1.047
kon_Latn-ita_Latn	17.43	36.42	0.897
ita_Latn-eus_Latn	24.39	46.24	1.000
eus_Latn-ayr_Latn	7.06	30.34	1.060
mal_Mlym-isl_Latn	24.09	42.35	1.035
snd_Arab-kor_Hang	20.03	28.16	0.982
mar_Deva-kor_Hang	20.98	29.09	0.967
afr_Latn-tir_Ethi	15.54	23.93	1.009
isl_Latn-mal_Mlym	23.07	37.96	0.967
cjk_Latn-luo_Latn	5.71	25.57	1.014
fon_Latn-tso_Latn	9.49	31.87	1.029
por_Latn-swh_Latn	30.45	53.23	0.980
mar_Deva-por_Latn	33.06	53.26	0.981
isl_Latn-tel_Telu	24.64	39.77	0.923
tel_Telu-tso_Latn	16.90	43.35	1.146
lvs_Latn-tel_Telu	27.28	42.73	0.953
tsn_Latn-ace_Latn	7.96	30.54	0.912
yue_Hant-ace_Latn	6.60	29.72	0.956
cym_Latn-arb_Arab	36.54	51.50	0.960
por_Latn-fin_Latn	31.63	51.36	0.999
lvs_Latn-mal_Mlym	25.80	40.73	0.976
cym_Latn-tsn_Latn	23.16	46.26	0.968
kon_Latn-mar_Deva	10.94	25.63	0.802
ace_Latn-zho_Hans	18.17	16.61	0.862
wol_Latn-kin_Latn	12.60	34.40	1.016
sin_Sinh-yue_Hant	12.10	14.04	0.827
swh_Latn-fin_Latn	25.93	46.62	0.984
ast_Latn-isl_Latn	28.31	45.09	0.985
hau_Latn-luo_Latn	12.17	35.23	0.966
kea_Latn-swh_Latn	28.10	50.70	0.976
run_Latn-pes_Arab	18.66	35.67	0.957
tir_Ethi-ayr_Latn	5.29	28.30	1.135
bul_Cyrl-fra_Latn	41.38	59.92	1.025
nso_Latn-tat_Cyrl	20.42	38.06	0.960
bel_Cyrl-tat_Cyrl	21.95	41.63	1.058
hin_Deva-fuv_Latn	4.28	22.36	1.073
tel_Telu-vie_Latn	33.71	52.16	0.983
fin_Latn-yor_Latn	7.11	22.83	1.180
pes_Arab-wol_Latn	6.60	26.51	1.129
pes_Arab-bul_Cyrl	36.45	54.29	1.004
por_Latn-jpn_Jpan	16.81	24.38	0.968
wol_Latn-pes_Arab	14.30	30.35	0.962
tat_Cyrl-sin_Sinh	22.67	31.72	0.758
por_Latn-bel_Cyrl	25.09	40.32	0.904
ast_Latn-lvs_Latn	26.80	47.36	0.925
oci_Latn-snd_Arab	22.87	40.61	1.066
oci_Latn-kik_Latn	8.56	28.58	1.071
fuv_Latn-mal_Mlym	11.29	25.13	1.039
run_Latn-kin_Latn	17.30	40.53	1.007
swh_Latn-bel_Cyrl	22.18	37.46	0.893
mal_Mlym-cjk_Latn	2.89	22.84	0.982
fuv_Latn-tel_Telu	11.64	25.55	1.015
bel_Cyrl-twi_Latn	9.12	32.24	1.028
swh_Latn-jpn_Jpan	11.12	21.88	1.081
nso_Latn-twi_Latn	13.25	35.65	0.976
lin_Latn-tel_Telu	19.80	34.67	0.869
urd_Arab-kea_Latn	13.62	35.18	0.901
kea_Latn-bel_Cyrl	23.05	38.35	0.921
ace_Latn-oci_Latn	19.85	38.38	0.909
ast_Latn-cjk_Latn	3.55	23.78	0.967
snd_Arab-kea_Latn	13.63	35.18	0.909
sin_Sinh-kon_Latn	13.21	40.91	1.029
lin_Latn-mal_Mlym	20.03	34.60	0.877
kea_Latn-jpn_Jpan	16.64	22.59	0.976
ita_Latn-hau_Latn	19.65	43.91	1.026
mal_Mlym-lvs_Latn	24.18	45.31	0.958
mar_Deva-kea_Latn	14.54	35.70	0.906
kor_Hang-tsn_Latn	17.53	41.69	0.990
kin_Latn-ace_Latn	8.22	31.08	0.904
tso_Latn-yor_Latn	5.94	20.50	1.068
vie_Latn-ast_Latn	23.26	46.72	1.031
afr_Latn-cym_Latn	47.24	62.14	0.989
bel_Cyrl-urd_Arab	17.50	35.65	1.002
kor_Hang-arb_Arab	26.96	42.48	0.956
nso_Latn-urd_Arab	19.63	36.88	0.937
ayr_Latn-fin_Latn	9.33	26.89	0.952
tat_Cyrl-ita_Latn	26.11	46.86	0.926
ewe_Latn-luo_Latn	8.97	30.66	0.923
run_Latn-fra_Latn	26.72	44.92	0.978
fin_Latn-lin_Latn	16.33	44.54	1.054
bul_Cyrl-pes_Arab	26.17	43.00	0.999
kor_Hang-twi_Latn	10.49	32.91	1.001
fra_Latn-kin_Latn	22.24	46.02	1.021
vie_Latn-zho_Hans	21.97	19.34	0.832
tel_Telu-fon_Latn	4.66	19.04	1.117
eng_Latn-cym_Latn	59.84	72.02	0.980
tsn_Latn-mal_Mlym	19.45	34.07	0.932
yue_Hant-mal_Mlym	24.24	39.09	0.938
mal_Mlym-eng_Latn	29.27	58.64	1.371
hin_Deva-tam_Taml	30.31	48.51	0.945
tir_Ethi-jpn_Jpan	11.35	17.01	0.995
mal_Mlym-hin_Deva	29.05	47.17	0.934
tir_Ethi-bel_Cyrl	17.19	32.44	0.874
lvs_Latn-ace_Latn	7.90	32.34	0.930
yue_Hant-tel_Telu	23.78	39.13	0.917
tsn_Latn-tel_Telu	20.65	34.86	0.912
tso_Latn-kon_Latn	14.13	41.00	0.955
arb_Arab-cym_Latn	40.35	56.99	1.004
bel_Cyrl-tsn_Latn	15.19	40.31	1.027
eus_Latn-bel_Cyrl	21.82	37.23	0.902
fin_Latn-yue_Hant	11.82	14.42	0.822
tam_Taml-cym_Latn	33.55	50.72	0.997
nso_Latn-tsn_Latn	21.37	44.29	0.943
tat_Cyrl-mar_Deva	18.41	35.78	0.892
yor_Latn-cym_Latn	22.93	39.72	0.951
ast_Latn-hin_Deva	27.55	45.51	0.928
isl_Latn-ace_Latn	7.87	31.17	0.894
ace_Latn-rus_Cyrl	22.79	39.22	0.971
nso_Latn-arb_Arab	26.55	41.83	0.922
ace_Latn-nso_Latn	17.92	40.57	1.002
mar_Deva-hau_Latn	21.02	45.22	0.995
bel_Cyrl-arb_Arab	23.04	38.99	0.968
kor_Hang-urd_Arab	20.50	38.57	0.962
ita_Latn-kea_Latn	17.45	39.72	0.951
ast_Latn-eng_Latn	45.06	64.45	1.029
eus_Latn-jpn_Jpan	14.21	20.54	0.904
sin_Sinh-yor_Latn	7.72	22.69	1.117
rus_Cyrl-wol_Latn	6.23	26.26	1.182
rus_Cyrl-bul_Cyrl	37.85	55.85	1.009
twi_Latn-snd_Arab	13.72	28.51	1.059
twi_Latn-kik_Latn	6.67	24.85	0.859
ayr_Latn-swh_Latn	10.01	29.81	0.869
snd_Arab-hau_Latn	22.12	46.34	1.025
cym_Latn-tat_Cyrl	28.76	46.58	0.993
jpn_Jpan-luo_Latn	9.47	32.35	0.942
urd_Arab-hau_Latn	21.04	45.20	1.002
urd_Arab-eus_Latn	21.39	43.96	0.950
tso_Latn-lin_Latn	15.77	41.64	0.982
eus_Latn-fin_Latn	24.50	44.53	0.946
kin_Latn-mal_Mlym	23.16	38.20	0.939
kon_Latn-sin_Sinh	12.07	20.71	0.633
ita_Latn-por_Latn	34.02	54.83	1.033
ita_Latn-kor_Hang	21.16	29.26	1.009
yor_Latn-tir_Ethi	10.07	17.44	0.955
vie_Latn-oci_Latn	26.31	46.19	0.957
snd_Arab-eus_Latn	21.85	44.21	0.992
hin_Deva-run_Latn	15.90	38.80	1.033
arb_Arab-tir_Ethi	14.65	23.26	1.016
tir_Ethi-swh_Latn	18.43	42.07	0.923
kik_Latn-luo_Latn	6.81	24.66	0.988
kea_Latn-ayr_Latn	6.31	29.44	1.119
tam_Taml-tir_Ethi	14.20	22.36	1.006
ast_Latn-afr_Latn	31.53	53.52	0.940
kin_Latn-tel_Telu	23.62	39.27	0.923
cym_Latn-twi_Latn	12.74	34.60	1.004
mar_Deva-eus_Latn	21.45	43.83	0.957
ace_Latn-ast_Latn	17.88	38.71	0.994
lin_Latn-ace_Latn	8.11	30.69	0.904
luo_Latn-snd_Arab	12.99	26.80	0.945
luo_Latn-kik_Latn	8.85	29.11	0.835
ayr_Latn-bel_Cyrl	8.60	22.09	0.816
fuv_Latn-ace_Latn	4.89	24.50	1.058
tso_Latn-yue_Hant	9.74	13.32	0.800
fin_Latn-kon_Latn	14.64	41.77	1.008
por_Latn-ayr_Latn	7.50	31.16	1.075
bul_Cyrl-kin_Latn	19.83	44.36	1.031
kor_Hang-tat_Cyrl	22.52	40.61	0.983
ayr_Latn-jpn_Jpan	7.19	11.20	1.013
fra_Latn-pes_Arab	28.51	44.68	0.989
cym_Latn-urd_Arab	25.21	44.28	0.999
mal_Mlym-afr_Latn	28.04	50.99	0.972
rus_Cyrl-ewe_Latn	13.17	34.83	0.988
eus_Latn-swh_Latn	24.62	48.13	0.959
tir_Ethi-fin_Latn	17.48	38.31	1.000
wol_Latn-fra_Latn	20.12	37.72	0.982
eng_Latn-tir_Ethi	17.37	25.64	1.017
swh_Latn-ayr_Latn	5.88	28.93	1.096
ewe_Latn-ast_Latn	13.05	33.32	0.946
zho_Hans-hau_Latn	17.76	42.88	1.055
pes_Arab-isl_Latn	25.71	43.62	1.016
lin_Latn-fra_Latn	28.58	46.35	0.990
kea_Latn-mar_Deva	21.97	39.78	0.957
hau_Latn-oci_Latn	22.32	41.68	0.943
por_Latn-ita_Latn	34.47	54.35	0.947
rus_Cyrl-afr_Latn	28.21	51.28	0.996
mal_Mlym-ewe_Latn	13.10	34.97	1.002
swh_Latn-ita_Latn	27.91	48.24	0.929
yor_Latn-tsn_Latn	15.07	37.61	0.898
arb_Arab-tsn_Latn	21.30	45.26	0.993
tir_Ethi-sin_Sinh	23.06	32.27	0.858
nso_Latn-cym_Latn	35.94	51.94	0.975
tam_Taml-tsn_Latn	18.56	42.87	0.963
twi_Latn-fon_Latn	4.98	19.82	1.037
fon_Latn-kik_Latn	5.29	23.36	0.924
fon_Latn-snd_Arab	7.83	21.47	1.024
afr_Latn-urd_Arab	26.01	44.55	0.968
bel_Cyrl-cym_Latn	25.22	44.85	1.038
sin_Sinh-tam_Taml	27.86	46.22	0.951
yor_Latn-arb_Arab	19.03	34.47	0.891
kin_Latn-pes_Arab	22.21	39.07	0.948
tam_Taml-arb_Arab	28.32	43.90	0.935
kon_Latn-swh_Latn	14.58	36.59	0.862
kea_Latn-ita_Latn	31.15	51.54	0.955
wol_Latn-ace_Latn	6.32	27.35	1.048
eng_Latn-tsn_Latn	25.83	48.78	0.980
yue_Hant-kin_Latn	16.72	40.13	0.986
tsn_Latn-kin_Latn	15.15	38.81	1.050
kon_Latn-fin_Latn	14.24	34.48	0.934
eus_Latn-sin_Sinh	26.47	35.14	0.864
tel_Telu-snd_Arab	23.87	39.77	1.002
tel_Telu-kik_Latn	9.68	30.05	0.985
cjk_Latn-oci_Latn	9.21	25.93	0.914
eng_Latn-arb_Arab	43.33	57.28	0.948
por_Latn-mar_Deva	24.29	42.13	0.961
fra_Latn-mal_Mlym	29.78	44.42	0.979
hin_Deva-yor_Latn	11.36	26.05	1.092
jpn_Jpan-ast_Latn	18.03	40.85	0.998
fin_Latn-fuv_Latn	3.91	21.66	1.092
kik_Latn-rus_Cyrl	18.79	35.34	1.002
ast_Latn-ewe_Latn	13.73	35.00	0.975
swh_Latn-mar_Deva	20.08	37.38	0.920
afr_Latn-twi_Latn	13.53	36.11	0.990
kik_Latn-nso_Latn	13.44	34.74	0.957
fra_Latn-tel_Telu	30.96	46.12	0.968
fuv_Latn-fra_Latn	13.25	31.14	1.041
hau_Latn-zho_Hans	19.51	17.82	0.882
jpn_Jpan-nso_Latn	15.79	40.39	0.997
oci_Latn-tso_Latn	19.17	46.31	1.178
kon_Latn-jpn_Jpan	6.21	14.95	1.128
lvs_Latn-fra_Latn	37.92	56.55	1.020
sin_Sinh-run_Latn	13.99	36.84	1.054
kon_Latn-bel_Cyrl	14.51	29.39	0.840
kik_Latn-ast_Latn	11.13	29.40	1.047
jpn_Jpan-rus_Cyrl	26.36	44.09	0.987
mal_Mlym-bul_Cyrl	34.16	52.19	0.977
mal_Mlym-wol_Latn	6.12	26.11	1.184
tsn_Latn-pes_Arab	20.03	36.57	0.961
yue_Hant-pes_Arab	21.22	39.06	0.958
afr_Latn-tat_Cyrl	29.59	47.13	0.993
bul_Cyrl-mal_Mlym	27.83	43.17	0.978
pes_Arab-cjk_Latn	2.86	23.01	0.958
bul_Cyrl-tel_Telu	30.44	45.88	0.959
oci_Latn-vie_Latn	38.50	57.63	1.062
ace_Latn-luo_Latn	11.40	32.70	0.965
run_Latn-ace_Latn	7.49	29.73	0.897
rus_Cyrl-hin_Deva	26.14	44.67	0.952
rus_Cyrl-eng_Latn	35.69	60.23	1.136
cjk_Latn-zho_Hans	8.49	9.68	0.856
tat_Cyrl-ayr_Latn	5.71	28.13	1.038
ayr_Latn-sin_Sinh	11.89	20.53	0.795
ewe_Latn-nso_Latn	12.28	35.03	0.941
tso_Latn-fuv_Latn	5.04	21.90	1.016
ast_Latn-bul_Cyrl	37.77	55.05	0.971
ast_Latn-wol_Latn	7.21	27.15	1.162
bel_Cyrl-tir_Ethi	11.81	20.38	1.049
nso_Latn-tir_Ethi	11.13	18.73	0.907
isl_Latn-fra_Latn	34.90	52.56	0.998
zho_Hans-eus_Latn	20.27	42.38	0.978
ewe_Latn-rus_Cyrl	15.66	32.22	0.910
pes_Arab-lvs_Latn	25.85	46.80	0.956
luo_Latn-fon_Latn	4.88	19.30	0.916
tso_Latn-run_Latn	15.01	37.20	1.019
jpn_Jpan-oci_Latn	20.92	41.72	0.935
fra_Latn-ace_Latn	9.74	34.25	0.915
ayr_Latn-mar_Deva	8.48	22.25	0.874
hin_Deva-lin_Latn	18.37	45.87	1.022
yor_Latn-tat_Cyrl	15.93	32.76	0.934
rus_Cyrl-lvs_Latn	29.07	49.60	0.980
tam_Taml-tat_Cyrl	23.89	41.96	0.987
arb_Arab-tat_Cyrl	25.26	43.67	1.002
fuv_Latn-pes_Arab	9.84	25.30	1.010
tat_Cyrl-swh_Latn	20.94	44.62	0.913
lvs_Latn-kin_Latn	17.94	42.42	1.032
pes_Arab-hin_Deva	28.88	47.23	0.951
wol_Latn-mal_Mlym	16.48	30.14	0.981
wol_Latn-tel_Telu	15.95	30.03	0.942
fin_Latn-tam_Taml	25.97	44.23	0.978
pes_Arab-eng_Latn	38.39	61.99	1.092
cjk_Latn-ast_Latn	7.96	25.70	1.022
ayr_Latn-ita_Latn	10.73	27.99	0.881
tat_Cyrl-fin_Latn	23.74	44.65	0.956
twi_Latn-vie_Latn	23.41	41.03	0.958
isl_Latn-kin_Latn	17.05	40.87	1.051
kin_Latn-fra_Latn	30.58	48.79	0.976
hin_Deva-yue_Hant	12.51	15.14	0.816
kor_Hang-tir_Ethi	12.55	20.93	1.026
rus_Cyrl-cjk_Latn	2.76	23.08	0.962
ewe_Latn-oci_Latn	13.50	31.95	0.866
lin_Latn-pes_Arab	19.41	35.84	0.923
zho_Hans-por_Latn	29.83	50.04	1.000
hau_Latn-ast_Latn	19.50	41.64	1.027
sin_Sinh-fuv_Latn	3.38	21.05	1.115
zho_Hans-kor_Hang	19.93	28.07	1.018
twi_Latn-tso_Latn	15.29	39.53	1.045
eng_Latn-tat_Cyrl	31.91	48.70	0.974
kik_Latn-zho_Hans	14.10	13.41	0.829
afr_Latn-arb_Arab	36.63	51.26	0.945
kor_Hang-cym_Latn	30.64	48.46	1.009
fin_Latn-run_Latn	15.34	38.52	1.049
por_Latn-sin_Sinh	29.83	38.31	0.871
jpn_Jpan-zho_Hans	20.00	17.37	0.811
tat_Cyrl-bel_Cyrl	23.83	39.08	0.879
eus_Latn-mar_Deva	20.42	37.94	0.952
hau_Latn-nso_Latn	19.22	42.93	1.017
hau_Latn-rus_Cyrl	25.24	42.10	0.982
arb_Arab-urd_Arab	24.83	43.22	0.966
tat_Cyrl-jpn_Jpan	14.33	21.63	0.958
tam_Taml-urd_Arab	22.71	41.01	0.970
afr_Latn-tsn_Latn	23.19	46.49	0.984
isl_Latn-pes_Arab	21.98	38.88	0.973
yor_Latn-urd_Arab	14.82	31.95	0.922
luo_Latn-vie_Latn	20.86	38.19	0.911
luo_Latn-tso_Latn	14.50	37.25	0.957
lin_Latn-kin_Latn	17.16	39.82	0.983
eng_Latn-twi_Latn	15.76	38.72	0.990
tir_Ethi-ita_Latn	19.64	40.68	0.924
swh_Latn-sin_Sinh	24.76	33.81	0.805
tso_Latn-tam_Taml	20.48	38.09	0.891
zho_Hans-kea_Latn	10.98	31.08	0.905
eus_Latn-ita_Latn	27.48	48.36	0.934
cjk_Latn-rus_Cyrl	9.50	24.56	0.975
bul_Cyrl-ace_Latn	8.23	32.79	0.904
kon_Latn-ayr_Latn	4.31	25.43	1.091
run_Latn-tel_Telu	20.26	35.39	0.912
hin_Deva-kon_Latn	15.12	42.38	1.013
arb_Arab-twi_Latn	11.92	34.97	1.003
run_Latn-mal_Mlym	19.00	33.91	0.948
tam_Taml-twi_Latn	11.52	34.18	1.001
fuv_Latn-kin_Latn	8.20	29.23	1.084
oci_Latn-fon_Latn	4.56	18.70	1.279
kea_Latn-sin_Sinh	29.62	37.97	0.897
yor_Latn-twi_Latn	10.23	31.11	0.954
cjk_Latn-nso_Latn	7.66	28.69	0.991
ewe_Latn-zho_Hans	11.74	12.32	0.750
cym_Latn-tir_Ethi	14.95	23.54	1.021
lvs_Latn-pes_Arab	25.32	42.11	0.990
rus_Cyrl-isl_Latn	24.79	43.07	1.016
eng_Latn-urd_Arab	29.92	48.51	0.966
kik_Latn-oci_Latn	16.88	35.11	0.959
pes_Arab-afr_Latn	28.64	51.55	0.966
vie_Latn-luo_Latn	12.92	36.46	0.987
yue_Hant-fra_Latn	29.66	49.31	0.982
tsn_Latn-fra_Latn	26.80	45.16	1.016
tir_Ethi-mar_Deva	16.61	34.03	0.906
eng_Latn-sin_Sinh	35.77	43.58	0.890
ita_Latn-kin_Latn	19.61	44.07	1.035
eus_Latn-arb_Arab	25.17	40.82	0.901
vie_Latn-snd_Arab	20.27	37.55	1.055
vie_Latn-kik_Latn	10.65	31.13	0.976
afr_Latn-mar_Deva	25.35	43.38	0.974
swh_Latn-twi_Latn	12.89	35.72	0.985
bel_Cyrl-jpn_Jpan	12.12	19.54	0.991
nso_Latn-jpn_Jpan	8.44	19.13	1.158
eus_Latn-tsn_Latn	19.18	42.93	0.976
nso_Latn-bel_Cyrl	19.61	34.90	0.875
mar_Deva-fra_Latn	36.58	55.02	1.006
snd_Arab-fra_Latn	34.78	55.21	1.071
kea_Latn-urd_Arab	22.74	41.32	0.982
luo_Latn-oci_Latn	15.41	33.33	0.867
pes_Arab-yor_Latn	10.23	24.82	1.100
urd_Arab-fra_Latn	36.08	55.06	1.009
por_Latn-twi_Latn	13.01	35.99	0.995
mal_Mlym-fuv_Latn	3.86	21.79	1.085
ast_Latn-fuv_Latn	3.80	20.80	1.119
tso_Latn-bul_Cyrl	26.08	43.94	0.946
fin_Latn-ewe_Latn	12.84	35.20	1.039
tso_Latn-wol_Latn	7.57	26.90	1.107
wol_Latn-eus_Latn	12.49	32.92	0.978
kik_Latn-vie_Latn	22.85	40.06	0.984
run_Latn-hau_Latn	15.88	38.90	0.999
afr_Latn-ita_Latn	33.13	53.46	0.944
swh_Latn-urd_Arab	22.16	39.75	0.933
bul_Cyrl-kor_Hang	21.45	29.38	0.968
fra_Latn-kea_Latn	18.50	39.80	0.915
bul_Cyrl-por_Latn	36.15	56.30	0.999
cym_Latn-ayr_Latn	6.34	30.10	1.208
hin_Deva-isl_Latn	25.50	43.73	1.039
tir_Ethi-tsn_Latn	15.22	38.92	0.922
arb_Arab-sin_Sinh	28.55	37.31	0.887
tam_Taml-sin_Sinh	29.62	38.40	0.910
yor_Latn-sin_Sinh	19.10	28.88	0.847
oci_Latn-ast_Latn	27.73	51.71	1.064
rus_Cyrl-kon_Latn	14.97	41.79	0.989
kea_Latn-twi_Latn	11.83	33.81	1.010
kon_Latn-tir_Ethi	7.52	13.83	0.824
tir_Ethi-arb_Arab	21.32	37.22	0.905
kik_Latn-tso_Latn	13.80	38.23	1.075
twi_Latn-zho_Hans	12.96	13.15	0.752
por_Latn-urd_Arab	25.43	43.76	0.961
bul_Cyrl-kea_Latn	13.84	35.16	0.886
fra_Latn-kor_Hang	22.39	30.98	1.007
jpn_Jpan-tso_Latn	16.00	41.25	1.040
ayr_Latn-arb_Arab	11.63	24.96	0.842
oci_Latn-nso_Latn	26.07	50.30	1.035
cjk_Latn-fon_Latn	3.50	16.89	0.994
ayr_Latn-tsn_Latn	9.10	29.79	0.887
oci_Latn-rus_Cyrl	35.23	53.15	1.052
fra_Latn-por_Latn	41.31	59.44	1.004
luo_Latn-zho_Hans	14.00	13.81	0.795
kea_Latn-tat_Cyrl	25.84	43.32	0.995
rus_Cyrl-lin_Latn	16.64	44.49	1.023
hin_Deva-lvs_Latn	26.09	46.99	0.947
kon_Latn-cym_Latn	21.38	37.90	0.947
jpn_Jpan-vie_Latn	29.13	48.47	0.973
run_Latn-eus_Latn	16.28	37.83	0.968
wol_Latn-hau_Latn	13.45	35.92	1.071
nso_Latn-swh_Latn	25.48	48.28	0.961
bel_Cyrl-swh_Latn	17.91	43.19	1.009
swh_Latn-tat_Cyrl	22.42	40.20	0.962
ita_Latn-pes_Arab	25.70	42.67	1.012
fin_Latn-bul_Cyrl	35.42	53.14	0.997
fin_Latn-wol_Latn	6.69	26.74	1.174
tso_Latn-ewe_Latn	13.51	34.81	0.962
ewe_Latn-vie_Latn	18.66	36.20	0.912
bel_Cyrl-fin_Latn	20.38	42.07	1.001
nso_Latn-fin_Latn	22.82	43.65	0.991
hau_Latn-fon_Latn	5.18	20.19	1.074
rus_Cyrl-yue_Hant	12.32	15.09	0.814
hin_Deva-cjk_Latn	2.94	23.26	0.973
ewe_Latn-tso_Latn	13.84	36.79	0.989
kor_Hang-ayr_Latn	6.20	29.25	1.089
por_Latn-tat_Cyrl	28.59	45.95	0.987
zho_Hans-ace_Latn	5.84	28.57	1.113
twi_Latn-oci_Latn	17.00	35.85	0.921
wol_Latn-kea_Latn	8.66	26.38	0.858
pes_Arab-yue_Hant	12.03	14.30	0.832
fra_Latn-eus_Latn	25.92	47.82	0.997
cym_Latn-bel_Cyrl	24.59	39.74	0.916
kor_Hang-swh_Latn	22.12	46.40	0.954
cym_Latn-jpn_Jpan	18.01	24.20	0.993
ast_Latn-tam_Taml	28.26	46.49	0.948
kik_Latn-fon_Latn	4.56	18.39	1.077
eus_Latn-tat_Cyrl	25.13	42.55	0.988
ayr_Latn-urd_Arab	8.71	23.41	0.990
run_Latn-por_Latn	24.63	43.70	0.960
run_Latn-kor_Hang	13.66	22.22	1.009
bul_Cyrl-hau_Latn	21.47	45.89	1.013
pes_Arab-lin_Latn	18.44	45.64	1.002
snd_Arab-pes_Arab	26.52	43.61	0.967
ace_Latn-kik_Latn	5.97	23.60	0.932
ace_Latn-snd_Arab	15.47	30.70	1.061
nso_Latn-ayr_Latn	5.53	28.08	1.141
bel_Cyrl-ayr_Latn	5.46	28.99	1.105
luo_Latn-ast_Latn	14.03	33.80	0.943
urd_Arab-pes_Arab	25.84	43.09	0.958
tir_Ethi-tat_Cyrl	18.69	36.63	0.969
sin_Sinh-ewe_Latn	13.01	34.53	1.008
twi_Latn-rus_Cyrl	18.99	35.56	0.974
mal_Mlym-tam_Taml	30.30	48.08	0.952
tat_Cyrl-tir_Ethi	12.27	19.95	0.936
ayr_Latn-twi_Latn	6.36	24.26	0.945
hin_Deva-eng_Latn	41.37	64.47	1.091
mar_Deva-pes_Arab	26.64	43.25	0.966
kor_Hang-fin_Latn	23.24	44.11	0.975
twi_Latn-nso_Latn	15.16	38.27	0.997
pes_Arab-kon_Latn	16.27	42.54	0.965
oci_Latn-zho_Hans	27.58	23.26	0.953
kea_Latn-arb_Arab	33.36	48.09	0.954
zho_Hans-tel_Telu	25.30	40.48	0.992
hau_Latn-tso_Latn	19.26	43.27	1.022
snd_Arab-kin_Latn	20.05	43.81	1.005
zho_Hans-mal_Mlym	26.11	40.64	1.005
kea_Latn-tsn_Latn	20.58	43.50	0.964
tir_Ethi-twi_Latn	9.14	31.07	0.986
eng_Latn-ita_Latn	37.97	57.39	0.937
twi_Latn-ast_Latn	15.78	36.56	1.013
urd_Arab-kin_Latn	19.09	42.84	0.987
ast_Latn-run_Latn	17.64	39.32	0.974
cym_Latn-swh_Latn	32.50	55.05	0.979
tel_Telu-luo_Latn	11.78	35.30	0.988
kor_Hang-jpn_Jpan	16.34	22.84	0.935
ayr_Latn-tat_Cyrl	10.26	24.90	0.950
ita_Latn-fra_Latn	39.20	58.87	1.056
hin_Deva-afr_Latn	30.52	53.45	0.958
eus_Latn-urd_Arab	20.48	38.87	0.958
luo_Latn-nso_Latn	13.45	35.90	0.928
mar_Deva-kin_Latn	19.22	43.06	0.986
luo_Latn-rus_Cyrl	17.30	33.58	0.917
tam_Taml-mar_Deva	21.86	39.48	0.951
tat_Cyrl-cym_Latn	31.70	48.83	0.971
ewe_Latn-fon_Latn	4.76	19.12	0.945
arb_Arab-mar_Deva	22.16	40.25	0.956
yor_Latn-mar_Deva	14.07	30.74	0.905
kor_Hang-bel_Cyrl	20.61	35.97	0.896
hau_Latn-vie_Latn	29.72	47.45	0.977
por_Latn-tsn_Latn	22.07	45.48	0.986
bul_Cyrl-eus_Latn	22.67	44.86	0.961
cym_Latn-fin_Latn	30.31	51.06	1.019
wol_Latn-kor_Hang	12.29	17.98	1.000
fon_Latn-luo_Latn	7.03	27.45	0.938
sin_Sinh-bul_Cyrl	32.29	50.17	0.958
por_Latn-arb_Arab	34.72	49.69	0.943
eng_Latn-mar_Deva	30.21	47.84	0.970
sin_Sinh-wol_Latn	5.68	25.08	1.207
wol_Latn-por_Latn	19.87	37.79	0.967
jpn_Jpan-fon_Latn	3.84	16.71	1.073
tir_Ethi-urd_Arab	17.23	35.38	0.922
rus_Cyrl-yor_Latn	8.35	23.36	1.096
afr_Latn-sin_Sinh	31.69	39.88	0.881
mal_Mlym-run_Latn	14.95	37.86	1.040
cjk_Latn-tso_Latn	7.25	29.37	1.086
swh_Latn-arb_Arab	31.51	46.42	0.941
eus_Latn-twi_Latn	11.74	34.11	1.008
cjk_Latn-vie_Latn	11.26	26.82	0.975
swh_Latn-tsn_Latn	21.28	44.66	0.949
yor_Latn-ita_Latn	17.09	36.94	0.908
fra_Latn-hau_Latn	20.31	44.07	1.010
arb_Arab-ita_Latn	29.76	50.95	0.958
run_Latn-kea_Latn	10.79	29.12	0.847
tam_Taml-ita_Latn	25.73	46.75	0.940
kik_Latn-ayr_Latn	3.48	23.93	1.230
kea_Latn-luo_Latn	13.20	36.35	0.989
hau_Latn-swh_Latn	23.96	46.60	0.958
fuv_Latn-lvs_Latn	8.31	26.10	1.022
cym_Latn-vie_Latn	39.17	56.60	1.010
rus_Cyrl-pes_Arab	26.36	43.05	0.987
lvs_Latn-isl_Latn	25.06	42.78	1.006
zho_Hans-run_Latn	13.96	36.49	1.037
eng_Latn-snd_Arab	30.44	47.23	1.030
eng_Latn-kik_Latn	16.15	38.09	0.918
lin_Latn-cjk_Latn	3.26	22.92	0.938
tel_Telu-arb_Arab	30.90	45.81	0.927
cym_Latn-tso_Latn	21.63	47.09	1.081
vie_Latn-sin_Sinh	28.43	37.12	0.919
fra_Latn-ewe_Latn	14.36	36.30	0.999
fin_Latn-kea_Latn	12.01	31.98	0.875
ast_Latn-mal_Mlym	30.60	44.81	0.951
cjk_Latn-fin_Latn	7.56	26.10	0.992
ast_Latn-tel_Telu	29.86	45.26	0.964
tel_Telu-tsn_Latn	19.85	43.33	0.952
kin_Latn-afr_Latn	23.31	45.47	0.958
ita_Latn-yue_Hant	12.75	15.13	0.836
kon_Latn-oci_Latn	16.18	34.02	0.862
arb_Arab-kik_Latn	11.92	33.75	0.950
arb_Arab-snd_Arab	23.08	40.76	1.048
fon_Latn-tsn_Latn	9.13	30.79	0.918
tsn_Latn-hin_Deva	20.32	36.92	0.900
yue_Hant-hin_Deva	22.45	41.04	0.913
tam_Taml-snd_Arab	21.93	38.13	1.010
tam_Taml-kik_Latn	8.84	29.11	0.985
tat_Cyrl-ast_Latn	21.23	44.00	0.992
mal_Mlym-tel_Telu	32.67	47.59	0.949
yor_Latn-kik_Latn	7.86	26.45	0.954
yor_Latn-snd_Arab	14.24	29.62	1.001
fon_Latn-arb_Arab	11.37	25.62	0.869
yue_Hant-eng_Latn	31.21	55.10	1.047
tsn_Latn-eng_Latn	26.79	50.50	1.161
por_Latn-luo_Latn	13.55	37.44	0.983
fuv_Latn-cjk_Latn	2.30	20.52	1.032
cjk_Latn-swh_Latn	8.09	28.35	0.908
hau_Latn-fin_Latn	21.13	42.10	1.006
luo_Latn-tir_Ethi	7.43	13.90	0.821
bul_Cyrl-wol_Latn	6.84	27.11	1.177
swh_Latn-luo_Latn	12.91	36.70	0.981
twi_Latn-cym_Latn	23.83	40.45	0.999
nso_Latn-fon_Latn	6.10	21.46	1.022
bel_Cyrl-fon_Latn	3.78	18.13	1.152
tso_Latn-kor_Hang	9.13	21.06	1.067
lin_Latn-lvs_Latn	17.93	37.85	0.960
tso_Latn-por_Latn	27.81	46.05	0.956
sin_Sinh-eus_Latn	19.33	41.13	1.028
ita_Latn-lin_Latn	17.32	45.62	1.067
snd_Arab-yor_Latn	10.18	24.32	1.072
sin_Sinh-hau_Latn	19.24	44.02	1.048
urd_Arab-yor_Latn	9.80	24.05	1.063
isl_Latn-lvs_Latn	22.53	43.15	0.948
ewe_Latn-ayr_Latn	4.85	26.20	1.064
pes_Arab-fra_Latn	37.94	56.94	1.022
yue_Hant-afr_Latn	22.40	45.91	0.931
tsn_Latn-afr_Latn	21.24	43.49	0.985
lin_Latn-isl_Latn	19.92	37.17	0.980
kor_Hang-tso_Latn	16.91	42.23	1.040
zho_Hans-tam_Taml	25.00	43.83	1.008
hau_Latn-bel_Cyrl	18.72	34.11	0.905
kor_Hang-vie_Latn	30.92	49.99	0.976
tat_Cyrl-nso_Latn	16.25	40.84	0.975
tso_Latn-kea_Latn	9.78	27.76	0.811
fra_Latn-bul_Cyrl	40.82	57.63	1.000
lvs_Latn-cjk_Latn	2.57	22.75	0.960
fra_Latn-wol_Latn	7.86	28.47	1.161
ace_Latn-mar_Deva	17.06	33.37	0.945
twi_Latn-tir_Ethi	9.58	16.67	0.940
kon_Latn-zho_Hans	13.15	13.24	0.768
tat_Cyrl-rus_Cyrl	31.98	48.68	0.952
luo_Latn-cym_Latn	21.86	38.26	0.959
hau_Latn-jpn_Jpan	10.14	18.64	1.114
ita_Latn-kon_Latn	15.66	42.52	1.017
mar_Deva-yor_Latn	10.49	24.86	1.057
rus_Cyrl-kin_Latn	19.74	43.79	1.015
isl_Latn-cjk_Latn	3.16	22.64	0.942
fin_Latn-kor_Hang	19.37	28.17	1.009
kin_Latn-hin_Deva	23.52	41.03	0.911
bul_Cyrl-ewe_Latn	13.24	35.58	1.027
cjk_Latn-jpn_Jpan	3.86	10.17	1.248
fuv_Latn-isl_Latn	9.61	26.19	1.044
kin_Latn-eng_Latn	29.12	53.49	1.200
jpn_Jpan-ayr_Latn	5.80	28.16	1.072
cjk_Latn-bel_Cyrl	7.92	22.13	0.864
ace_Latn-ita_Latn	20.22	40.16	0.921
fin_Latn-por_Latn	32.27	52.24	1.001
tel_Telu-tat_Cyrl	26.16	43.94	0.988
jpn_Jpan-swh_Latn	20.74	44.77	0.938
ayr_Latn-luo_Latn	6.29	25.69	0.960
nso_Latn-vie_Latn	31.82	48.96	0.973
bel_Cyrl-vie_Latn	23.91	45.75	1.055
ewe_Latn-fin_Latn	13.25	33.28	0.915
ita_Latn-yor_Latn	8.35	23.67	1.142
mar_Deva-kon_Latn	15.22	42.12	1.007
fuv_Latn-afr_Latn	10.52	30.51	1.002
run_Latn-wol_Latn	6.93	26.00	1.145
run_Latn-bul_Cyrl	24.56	42.94	0.969
tso_Latn-hau_Latn	16.23	39.00	0.948
urd_Arab-kon_Latn	15.68	41.85	0.972
lvs_Latn-eng_Latn	36.08	60.22	1.122
tat_Cyrl-oci_Latn	23.10	43.39	0.915
kin_Latn-lvs_Latn	20.50	40.78	0.953
snd_Arab-kon_Latn	16.22	42.81	1.020
lvs_Latn-hin_Deva	26.47	44.72	0.932
sin_Sinh-kea_Latn	12.96	33.37	0.915
bel_Cyrl-tso_Latn	13.25	40.49	1.139
mal_Mlym-ace_Latn	7.41	31.42	0.916
nso_Latn-tso_Latn	23.38	46.72	1.001
pes_Arab-kin_Latn	20.11	44.17	1.017
oci_Latn-tir_Ethi	14.36	23.66	1.084
ast_Latn-ace_Latn	9.27	33.42	0.906
isl_Latn-hin_Deva	23.70	41.25	0.894
kik_Latn-jpn_Jpan	7.31	15.23	1.163
isl_Latn-eng_Latn	32.82	56.38	1.130
kon_Latn-ast_Latn	14.27	34.33	0.956
kik_Latn-bel_Cyrl	14.47	29.37	0.891
ace_Latn-sin_Sinh	22.60	31.08	0.904
ewe_Latn-swh_Latn	13.65	35.95	0.869
jpn_Jpan-fin_Latn	22.64	43.65	0.981
tsn_Latn-isl_Latn	20.53	37.49	0.987
yue_Hant-isl_Latn	22.45	40.07	1.011
wol_Latn-ewe_Latn	9.92	29.87	1.011
lin_Latn-afr_Latn	20.35	42.56	0.953
fin_Latn-eus_Latn	22.02	43.97	0.945
fon_Latn-tat_Cyrl	10.10	25.57	0.966
cym_Latn-fon_Latn	4.58	17.79	1.212
rus_Cyrl-fra_Latn	37.69	57.18	1.051
kin_Latn-cjk_Latn	3.37	23.29	0.954
mar_Deva-yue_Hant	11.48	14.53	0.818
eus_Latn-luo_Latn	11.25	34.66	0.978
tel_Telu-urd_Arab	24.14	42.32	0.955
tsn_Latn-lvs_Latn	18.44	38.43	0.975
yue_Hant-lvs_Latn	20.56	41.89	0.935
fin_Latn-hau_Latn	18.82	42.93	0.999
run_Latn-ewe_Latn	12.89	33.97	0.993
isl_Latn-afr_Latn	25.40	48.06	0.964
kik_Latn-fin_Latn	12.50	30.92	1.034
oci_Latn-cym_Latn	45.52	61.67	1.030
kon_Latn-rus_Cyrl	17.12	33.50	0.919
urd_Arab-yue_Hant	11.89	14.19	0.832
tat_Cyrl-zho_Hans	20.96	18.17	0.809
jpn_Jpan-bel_Cyrl	20.25	35.58	0.902
cjk_Latn-ayr_Latn	2.52	22.20	1.254
lin_Latn-eng_Latn	27.81	49.25	1.070
kon_Latn-nso_Latn	12.75	35.49	0.928
snd_Arab-yue_Hant	12.28	14.18	0.861
lin_Latn-hin_Deva	19.63	36.55	0.876
fon_Latn-twi_Latn	7.49	26.98	0.941
vie_Latn-ita_Latn	27.61	48.47	0.953
fuv_Latn-hin_Deva	11.48	25.66	0.931
kor_Hang-fon_Latn	4.44	18.69	1.124
ewe_Latn-bel_Cyrl	12.72	27.60	0.847
kin_Latn-isl_Latn	22.26	39.57	0.994
tel_Telu-twi_Latn	11.86	34.21	1.011
mar_Deva-lin_Latn	17.31	44.72	1.013
ewe_Latn-jpn_Jpan	7.01	14.75	1.036
fuv_Latn-eng_Latn	12.94	33.56	1.177
tsn_Latn-cjk_Latn	3.17	22.53	0.929
yue_Hant-cjk_Latn	2.54	21.67	0.926
lvs_Latn-afr_Latn	27.94	50.86	0.984
urd_Arab-lin_Latn	16.76	44.20	1.008
tso_Latn-eus_Latn	18.78	39.98	0.952
wol_Latn-bul_Cyrl	18.39	35.63	0.989
sin_Sinh-por_Latn	31.45	51.47	0.960
kik_Latn-swh_Latn	14.25	34.84	0.906
vie_Latn-mar_Deva	21.45	39.09	0.979
snd_Arab-lin_Latn	16.92	44.33	1.023
tir_Ethi-luo_Latn	9.77	32.70	0.960
sin_Sinh-kor_Hang	19.81	27.67	0.957
fon_Latn-urd_Arab	9.16	24.51	0.958
zho_Hans-fuv_Latn	3.45	20.73	1.129
hau_Latn-ayr_Latn	5.49	28.13	1.127
afr_Latn-snd_Arab	24.38	41.08	1.026
afr_Latn-kik_Latn	12.23	33.26	0.954
afr_Latn-luo_Latn	13.77	37.51	0.985
ita_Latn-eng_Latn	35.64	60.32	1.137
ast_Latn-kea_Latn	20.55	42.73	0.892
snd_Arab-cjk_Latn	2.70	22.92	1.005
fin_Latn-mal_Mlym	25.84	40.76	0.999
tir_Ethi-kik_Latn	5.97	24.43	0.926
tir_Ethi-snd_Arab	17.05	33.06	0.993
fra_Latn-fuv_Latn	4.45	22.48	1.081
fon_Latn-sin_Sinh	11.25	20.58	0.788
urd_Arab-cjk_Latn	2.42	22.30	0.959
cjk_Latn-tir_Ethi	5.16	10.65	0.892
ita_Latn-hin_Deva	27.43	45.34	0.969
ace_Latn-tat_Cyrl	19.92	36.48	0.994
fin_Latn-tel_Telu	27.10	42.26	0.957
wol_Latn-tam_Taml	15.53	33.32	0.959
cym_Latn-nso_Latn	25.61	49.64	1.030
luo_Latn-swh_Latn	15.58	37.30	0.858
lvs_Latn-yor_Latn	7.28	22.54	1.146
yue_Hant-lin_Latn	14.83	41.86	1.005
tsn_Latn-lin_Latn	15.16	41.73	1.020
bel_Cyrl-zho_Hans	17.28	15.71	0.836
nso_Latn-zho_Hans	17.51	16.94	0.791
cym_Latn-rus_Cyrl	35.82	52.13	0.994
mar_Deva-cjk_Latn	2.86	23.16	0.970
luo_Latn-fin_Latn	15.51	35.26	0.924
hau_Latn-tir_Ethi	10.81	18.36	0.950
kin_Latn-kon_Latn	16.09	42.72	0.993
snd_Arab-lvs_Latn	24.70	45.75	0.959
twi_Latn-jpn_Jpan	9.44	17.00	1.057
twi_Latn-bel_Cyrl	15.59	30.44	0.893
urd_Arab-lvs_Latn	24.39	45.30	0.951
isl_Latn-yor_Latn	6.95	21.98	1.148
tsn_Latn-yue_Hant	9.55	12.77	0.808
vie_Latn-tsn_Latn	20.35	43.77	0.989
mar_Deva-lvs_Latn	24.26	45.31	0.961
kor_Hang-ast_Latn	20.09	43.52	1.010
sin_Sinh-ace_Latn	7.04	30.75	0.925
vie_Latn-arb_Arab	29.44	44.94	0.969
eus_Latn-kik_Latn	10.50	31.35	0.948
eus_Latn-snd_Arab	19.83	36.41	1.033
tel_Telu-sin_Sinh	31.91	40.34	0.916
mal_Mlym-kea_Latn	14.60	35.62	0.903
luo_Latn-bel_Cyrl	14.07	28.92	0.842
tso_Latn-mal_Mlym	19.80	34.05	0.871
mar_Deva-isl_Latn	25.01	43.10	1.018
kor_Hang-rus_Cyrl	26.71	44.33	0.981
kin_Latn-lin_Latn	18.95	44.92	1.000
tso_Latn-tel_Telu	21.13	35.16	0.874
twi_Latn-fin_Latn	16.67	36.92	0.988
kor_Hang-nso_Latn	16.51	41.87	1.028
ace_Latn-urd_Arab	16.87	33.97	0.990
tat_Cyrl-vie_Latn	31.47	50.27	0.958
hau_Latn-cym_Latn	32.39	48.60	0.989
luo_Latn-jpn_Jpan	6.86	15.73	1.106
lin_Latn-yor_Latn	7.74	22.39	1.085
wol_Latn-run_Latn	10.68	31.40	1.028
tat_Cyrl-tso_Latn	17.12	41.87	1.012
urd_Arab-isl_Latn	24.74	42.59	1.009
mal_Mlym-por_Latn	33.36	53.52	0.974
mal_Mlym-kor_Hang	21.36	29.41	0.971
snd_Arab-isl_Latn	24.01	42.74	1.046
nso_Latn-oci_Latn	25.07	43.83	0.911
bel_Cyrl-oci_Latn	19.82	41.07	0.991
bul_Cyrl-fuv_Latn	3.86	21.91	1.108
kin_Latn-yue_Hant	10.20	13.46	0.812
cym_Latn-ast_Latn	27.51	51.08	1.028
hin_Deva-fra_Latn	38.98	56.88	0.995
ita_Latn-afr_Latn	28.02	51.84	1.021
ast_Latn-kor_Hang	21.39	29.13	0.954
cjk_Latn-cym_Latn	11.64	27.80	1.041
ast_Latn-por_Latn	39.86	57.95	0.952
ace_Latn-twi_Latn	10.40	30.69	0.976
fuv_Latn-yor_Latn	6.36	19.77	1.194
run_Latn-tam_Taml	19.85	38.54	0.926
kon_Latn-fon_Latn	4.90	19.42	0.952
yue_Hant-kon_Latn	13.75	39.50	0.952
tsn_Latn-kon_Latn	13.51	40.46	0.992
ayr_Latn-kik_Latn	5.19	22.61	0.922
ayr_Latn-snd_Arab	8.25	20.45	1.036
twi_Latn-swh_Latn	16.53	39.36	0.936
oci_Latn-ayr_Latn	6.65	31.31	1.215
sin_Sinh-tel_Telu	29.40	44.37	0.948
oci_Latn-swh_Latn	33.14	55.98	1.005
twi_Latn-ayr_Latn	4.83	27.31	1.189
lin_Latn-kon_Latn	16.66	43.18	0.948
lvs_Latn-yue_Hant	11.24	13.70	0.806
kor_Hang-oci_Latn	21.38	41.91	0.921
sin_Sinh-mal_Mlym	28.59	43.39	0.987
bul_Cyrl-run_Latn	15.64	38.89	1.040
bel_Cyrl-rus_Cyrl	25.49	45.09	1.037
nso_Latn-rus_Cyrl	26.92	43.53	0.949
ewe_Latn-tir_Ethi	8.27	15.65	0.873
cym_Latn-zho_Hans	25.96	22.52	0.881
isl_Latn-lin_Latn	16.39	43.44	1.024
ace_Latn-tsn_Latn	16.93	39.00	0.939
ace_Latn-arb_Arab	23.03	37.92	0.917
mal_Mlym-eus_Latn	21.49	43.54	0.993
bel_Cyrl-nso_Latn	13.42	39.97	1.076
ita_Latn-isl_Latn	25.46	43.86	1.046
wol_Latn-fuv_Latn	3.20	19.48	1.160
ast_Latn-eus_Latn	25.88	47.61	0.938
jpn_Jpan-tir_Ethi	12.87	21.07	1.019
snd_Arab-afr_Latn	29.50	52.35	0.976
fra_Latn-tam_Taml	29.67	47.83	0.973
zho_Hans-wol_Latn	5.62	25.05	1.214
lvs_Latn-lin_Latn	16.24	44.12	1.031
zho_Hans-bul_Cyrl	29.51	49.07	1.036
urd_Arab-afr_Latn	27.38	50.71	0.964
vie_Latn-tat_Cyrl	24.99	42.71	1.007
tsn_Latn-yor_Latn	5.78	21.04	1.149
yue_Hant-yor_Latn	11.11	24.15	1.040
kik_Latn-cym_Latn	22.66	39.74	1.032
isl_Latn-yue_Hant	10.56	13.79	0.798
oci_Latn-fin_Latn	28.59	51.28	1.105
fuv_Latn-kon_Latn	9.46	33.39	1.012
hin_Deva-kin_Latn	20.75	44.50	0.997
fin_Latn-ace_Latn	7.64	31.72	0.917
mar_Deva-afr_Latn	27.79	51.28	0.960
kon_Latn-vie_Latn	20.77	38.02	0.910
urd_Arab-hin_Deva	29.44	47.83	0.950
snd_Arab-eng_Latn	34.49	61.77	1.290
ita_Latn-cjk_Latn	3.41	23.79	0.992
jpn_Jpan-cym_Latn	29.08	46.86	1.005
vie_Latn-twi_Latn	12.73	34.90	1.003
fon_Latn-ita_Latn	10.40	28.56	0.888
swh_Latn-snd_Arab	22.44	38.89	1.025
swh_Latn-kik_Latn	12.62	34.45	0.900
lin_Latn-yue_Hant	9.66	12.51	0.800
snd_Arab-hin_Deva	31.20	49.48	0.960
lvs_Latn-kon_Latn	14.32	41.08	0.979
bul_Cyrl-tam_Taml	27.97	46.52	0.962
kor_Hang-zho_Hans	21.51	18.86	0.834
urd_Arab-eng_Latn	37.87	60.99	1.067
oci_Latn-bel_Cyrl	25.36	40.56	0.940
hin_Deva-pes_Arab	26.55	43.32	0.962
cym_Latn-oci_Latn	34.85	53.94	0.952
mar_Deva-hin_Deva	30.66	48.73	0.936
fuv_Latn-lin_Latn	9.93	33.92	1.030
por_Latn-kik_Latn	12.28	33.74	0.942
por_Latn-snd_Arab	24.33	41.22	1.030
tel_Telu-mar_Deva	24.54	42.09	0.942
mar_Deva-eng_Latn	36.79	61.42	1.131
yor_Latn-luo_Latn	10.41	32.18	0.933
kon_Latn-tso_Latn	13.86	36.84	0.960
tam_Taml-luo_Latn	11.22	35.08	0.978
kik_Latn-tir_Ethi	8.66	15.19	0.906
ast_Latn-hau_Latn	23.29	46.44	0.978
oci_Latn-jpn_Jpan	17.66	23.56	1.031
run_Latn-fuv_Latn	4.28	21.55	1.061
arb_Arab-luo_Latn	12.48	36.85	0.968
ita_Latn-lvs_Latn	26.39	47.43	0.988
mal_Mlym-hau_Latn	20.76	45.26	1.026
vie_Latn-urd_Arab	22.26	40.59	0.982
zho_Hans-ewe_Latn	12.08	33.91	1.040
nso_Latn-ast_Latn	22.25	44.47	1.005
fon_Latn-mar_Deva	8.91	23.07	0.908
bel_Cyrl-ast_Latn	17.17	42.51	1.073
eng_Latn-luo_Latn	15.49	39.30	0.973
luo_Latn-ayr_Latn	4.02	24.72	1.085
tso_Latn-ace_Latn	8.58	31.47	0.895
fuv_Latn-yue_Hant	5.88	8.30	0.880
tel_Telu-ita_Latn	27.47	48.51	0.923
fra_Latn-run_Latn	17.85	40.67	1.034
isl_Latn-kon_Latn	14.27	40.95	0.988
ewe_Latn-cym_Latn	19.40	36.33	0.931
tat_Cyrl-fon_Latn	4.96	18.85	1.010
kea_Latn-snd_Arab	20.78	37.43	1.045
kea_Latn-kik_Latn	8.61	28.29	0.945
kin_Latn-yor_Latn	8.81	23.80	1.118
